Workbook
Name Equipo_local: League!$D$2:$D$145
Name Equipo_visitante: League!$K$2:$K$145
Name Ganador: League!$BF$2:$BF$145
Name Goles_local: League!$G$2:$G$145
Name Goles_visitante: League!$H$2:$H$145
Name Jornada: League!$A$2:$A$145
Name NombreEquipo: TablaEquipos[Team]

Sheet Home
B2: ADMIN EXCEL CHAMPIONS LEAGUE 2025-2026
J6: Para acceder Click en | K6: 2
B7: =Idiomas!D8 -> Selecciona idioma -> | C7: Español | G7: =Idiomas!D4 -> Introducir resultados Fase de Liga | I7: Item | J7: Español | K7: Inglés
I8: Excel Europa League 2025-2026 | J8: 2 | K8: 2
I9: Excel Conference League 25-26 | J9: 2 | K9: 2
B10: =Idiomas!D18 -> Selecciona Horario -> | C10: España | G10: =Idiomas!D5 -> Introducir resultados Fase KO | I10: Excel Premier League 2025-2026 | J10: 0 | K10: 2
I11: Excel Liga 1ª Division 2025-2026 | J11: 2 | K11: 0
I12: Excel Liga 2ª Division 2025-2026 | J12: 2 | K12: 0
B13: =Idiomas!D13 -> Si en la hoja League, no ves los escudos de los equipos | G13: ADMIN | I13: Excel Liga 1ª Federación (G1 y G2) 2025-2026 | J13: 2 | K13: 0
B14: =Idiomas!D14 -> utiliza el otro archivo que venia en el archivo .zip | I14: Excel Liga F. 2025-2026 | J14: 2 | K14: 0
I15: Excel Libertadores/Sudamericana 2025 | J15: 2 | K15: 0
G16: =Idiomas!D15 -> Clasificación | I16: =Idiomas!D16 -> Excel Mundial 2026 | J16: 2 | K16: 2
I18: =Idiomas!D16 -> Excel Mundial 2026
B22: 25 Participants

Sheet League
A1: =Idiomas!D22 -> Jor. | B1: =Idiomas!D20 -> Fecha | C1: =Idiomas!D21 -> Hora | D1: =Idiomas!D23 -> Equipo Local | E1: Badge | F1: P | G1: =Idiomas!D24 -> Gol | H1: =Idiomas!D25 -> Gol | I1: P | J1: Badge | K1: =Idiomas!D26 -> Equipo Visitante | N1: =Idiomas!D51 -> Pos | O1: Badge | P1: =Idiomas!$D52 -> Equipo | Q1: =Idiomas!$D53 -> Pts | R1: =Idiomas!$D54 -> J | S1: =Idiomas!$D55 -> G | T1: =Idiomas!$D56 -> E | U1: =Idiomas!$D57 -> P | V1: =Idiomas!$D58 -> GF | W1: =Idiomas!$D59 -> GC | X1: =Idiomas!$D60 -> DG | Y1: =CONCATENATE(Q1&" "&Idiomas!$D61) -> Pts C | Z1: =CONCATENATE(R1&" "&Idiomas!$D61) -> J C | AA1: =CONCATENATE(S1&" "&Idiomas!$D61) -> G C | AB1: =CONCATENATE(T1&" "&Idiomas!$D61) -> E C | AC1: =CONCATENATE(U1&" "&Idiomas!$D61) -> P C | AD1: =CONCATENATE(V1&" "&Idiomas!$D61) -> GF C | AE1: =CONCATENATE(W1&" "&Idiomas!$D61) -> GC C | AF1: =CONCATENATE(X1&" "&Idiomas!$D61) -> DG C | AG1: =CONCATENATE(Q1&" "&Idiomas!$D62) -> Pts F | AH1: =CONCATENATE(R1&" "&Idiomas!$D62) -> J F | AI1: =CONCATENATE(S1&" "&Idiomas!$D62) -> G F | AJ1: =CONCATENATE(T1&" "&Idiomas!$D62) -> E F | AK1: =CONCATENATE(U1&" "&Idiomas!$D62) -> P F | AL1: =CONCATENATE(V1&" "&Idiomas!$D62) -> GF F | AM1: =CONCATENATE(W1&" "&Idiomas!$D62) -> GC F | AN1: =CONCATENATE(X1&" "&Idiomas!$D62) -> DG F | AO1: P-O | AP1: DF-O | AQ1: GF_O | AS1: =Idiomas!D64 -> Seleccionar el orden de los empatados. | AV1: =COUNTIF($AV$2:$AV$37,">"&1) -> 0 | AZ1: =P1 -> Equipo | BA1: =Idiomas!D63 -> Puntos penalizados | BF1: Winner | BI1: {=TRANSPOSE(Calcs!$A$2:$A$37)} -> Ajax | BJ1: Arsenal | BK1: Atalanta | BL1: Athletic Bilbao | BM1: Atlético Madrid | BN1: Barcelona | BO1: Bayer Leverkusen | BP1: Bayern München | BQ1: Benfica | BR1: Bodø/Glimt | BS1: Borussia Dortmund | BT1: Brugge | BU1: Chelsea | BV1: Copenhagen | BW1: Eintracht Frankfurt | BX1: Galatasaray | BY1: Inter Milan | BZ1: Juventus | CA1: Kairat Almaty | CB1: Liverpool | CC1: Manchester City | CD1: Marseille | CE1: Monaco | CF1: Napoli | CG1: Newcastle | CH1: Olympiakos | CI1: Pafos | CJ1: PSG | CK1: PSV Eindhoven | CL1: Qarabağ | CM1: Real Madrid | CN1: Slavia Praha | CO1: Sporting Portugal | CP1: Tottenham | CQ1: Union Saint-Gilloise | CR1: Villarreal
A2: 1 | B2: =Horarios!C2 -> 45916.781 | C2: =Horarios!C2 -> 45916.781 | D2: Athletic Bilbao | E2: =INDEX(TablaEquipos[Badge],MATCH(D2,TablaEquipos[Team],0)) -> #VALUE! | G2: 0 | H2: 2 | J2: =INDEX(TablaEquipos[Badge],MATCH(K2,TablaEquipos[Team],0)) -> #VALUE! | K2: Arsenal | N2: 1 | O2: =INDEX(TablaEquipos[],MATCH(P2,TablaEquipos[Team],0),MATCH($O$1,TablaEquipos[#Headers],0)) -> #VALUE! | P2: =IFERROR(INDEX(Calcs!A$2:A$37,MATCH($N2,Calcs!$CJ$2:$CJ$37,0)),"") -> Arsenal | Q2: =IFERROR(INDEX(Calcs!$B$2:$AB$37,MATCH($N2,Calcs!$CJ$2:$CJ$37,0),MATCH(Q$1,Calcs!$B$1:$AB$1,0)),"") -> 21 | R2: =IFERROR(INDEX(Calcs!$B$2:$AB$37,MATCH($N2,Calcs!$CJ$2:$CJ$37,0),MATCH(R$1,Calcs!$B$1:$AB$1,0)),"") -> 7 | S2: =IFERROR(INDEX(Calcs!$B$2:$AB$37,MATCH($N2,Calcs!$CJ$2:$CJ$37,0),MATCH(S$1,Calcs!$B$1:$AB$1,0)),"") -> 7 | T2: =IFERROR(INDEX(Calcs!$B$2:$AB$37,MATCH($N2,Calcs!$CJ$2:$CJ$37,0),MATCH(T$1,Calcs!$B$1:$AB$1,0)),"") -> 0 | U2: =IFERROR(INDEX(Calcs!$B$2:$AB$37,MATCH($N2,Calcs!$CJ$2:$CJ$37,0),MATCH(U$1,Calcs!$B$1:$AB$1,0)),"") -> 0 | V2: =IFERROR(INDEX(Calcs!$B$2:$AB$37,MATCH($N2,Calcs!$CJ$2:$CJ$37,0),MATCH(V$1,Calcs!$B$1:$AB$1,0)),"") -> 20 | W2: =IFERROR(INDEX(Calcs!$B$2:$AB$37,MATCH($N2,Calcs!$CJ$2:$CJ$37,0),MATCH(W$1,Calcs!$B$1:$AB$1,0)),"") -> 2 | X2: =IFERROR(INDEX(Calcs!$B$2:$AB$37,MATCH($N2,Calcs!$CJ$2:$CJ$37,0),MATCH(X$1,Calcs!$B$1:$AB$1,0)),"") -> 18 | ... AQ2: =IFERROR(INDEX(Calcs!$B$2:$AB$37,MATCH($N2,Calcs!$CJ$2:$CJ$37,0),MATCH(AQ$1,Calcs!$B$1:$AB$1,0)),"") -> 85 | AS2: =INDEX(Calcs!A$2:A$37,MATCH($N2,Calcs!$CF$2:$CF$37,0)) -> Arsenal | AU2: =INDEX(Calcs!$BZ$2:$BZ$37,MATCH($AS2,Calcs!$A$2:$A$37,0)) -> 1 | AV2: =COUNTIF($AU$2:$AU$37,$AU2) -> 1 | AW2: =AU2&"."&AV2 -> 1.1 | AX2: {=OFFSET($N$2,AU2-1,0,AV2,1)} -> 1 | AZ2: =TablaEquipos[[#This Row],[Team]] -> Ajax | BF2: =IF(OR(G2="",H2=""),"Pendiente",IF(G2>H2,"Local",IF(G2<H2,"Visitante","Empate"))) -> Visitante | BG2: {=IFERROR(INDEX(Equipo_local,SMALL(IF(BI$1=Equipo_visitante,ROW(Equipo_local)-MIN(ROW(Equipo_visitante))+1,""),ROW()-1)),"")} -> Marseille | BH2: 1 | BI2: {=IFERROR(INDEX(Equipo_visitante,MATCH($BH2&BI$1,Jornada&Equipo_local,0)),INDEX(Equipo_local,MATCH($BH2&BI$1,Jornada&Equipo_visitante,0)))} -> Inter Milan | BJ2: {=IFERROR(INDEX(Equipo_visitante,MATCH($BH2&BJ$1,Jornada&Equipo_local,0)),INDEX(Equipo_local,MATCH($BH2&BJ$1,Jornada&Equipo_visitante,0)))} -> Athletic Bilbao | BK2: {=IFERROR(INDEX(Equipo_visitante,MATCH($BH2&BK$1,Jornada&Equipo_local,0)),INDEX(Equipo_local,MATCH($BH2&BK$1,Jornada&Equipo_visitante,0)))} -> PSG | BL2: {=IFERROR(INDEX(Equipo_visitante,MATCH($BH2&BL$1,Jornada&Equipo_local,0)),INDEX(Equipo_local,MATCH($BH2&BL$1,Jornada&Equipo_visitante,0)))} -> Arsenal | BM2: {=IFERROR(INDEX(Equipo_visitante,MATCH($BH2&BM$1,Jornada&Equipo_local,0)),INDEX(Equipo_local,MATCH($BH2&BM$1,Jornada&Equipo_visitante,0)))} -> Liverpool | BN2: {=IFERROR(INDEX(Equipo_visitante,MATCH($BH2&BN$1,Jornada&Equipo_local,0)),INDEX(Equipo_local,MATCH($BH2&BN$1,Jornada&Equipo_visitante,0)))} -> Newcastle | BO2: {=IFERROR(INDEX(Equipo_visitante,MATCH($BH2&BO$1,Jornada&Equipo_local,0)),INDEX(Equipo_local,MATCH($BH2&BO$1,Jornada&Equipo_visitante,0)))} -> Copenhagen | BP2: {=IFERROR(INDEX(Equipo_visitante,MATCH($BH2&BP$1,Jornada&Equipo_local,0)),INDEX(Equipo_local,MATCH($BH2&BP$1,Jornada&Equipo_visitante,0)))} -> Chelsea | ... CR2: {=IFERROR(INDEX(Equipo_visitante,MATCH($BH2&CR$1,Jornada&Equipo_local,0)),INDEX(Equipo_local,MATCH($BH2&CR$1,Jornada&Equipo_visitante,0)))} -> Tottenham
A3: 1 | B3: =Horarios!C3 -> 45916.781 | C3: =Horarios!C3 -> 45916.781 | D3: PSV Eindhoven | E3: =INDEX(TablaEquipos[Badge],MATCH(D3,TablaEquipos[Team],0)) -> #VALUE! | G3: 1 | H3: 3 | J3: =INDEX(TablaEquipos[Badge],MATCH(K3,TablaEquipos[Team],0)) -> #VALUE! | K3: Union Saint-Gilloise | N3: 2 | O3: =INDEX(TablaEquipos[],MATCH(P3,TablaEquipos[Team],0),MATCH($O$1,TablaEquipos[#Headers],0)) -> #VALUE! | P3: =IFERROR(INDEX(Calcs!A$2:A$37,MATCH($N3,Calcs!$CJ$2:$CJ$37,0)),"") -> Bayern München | Q3: =IFERROR(INDEX(Calcs!$B$2:$AB$37,MATCH($N3,Calcs!$CJ$2:$CJ$37,0),MATCH(Q$1,Calcs!$B$1:$AB$1,0)),"") -> 18 | R3: =IFERROR(INDEX(Calcs!$B$2:$AB$37,MATCH($N3,Calcs!$CJ$2:$CJ$37,0),MATCH(R$1,Calcs!$B$1:$AB$1,0)),"") -> 7 | S3: =IFERROR(INDEX(Calcs!$B$2:$AB$37,MATCH($N3,Calcs!$CJ$2:$CJ$37,0),MATCH(S$1,Calcs!$B$1:$AB$1,0)),"") -> 6 | T3: =IFERROR(INDEX(Calcs!$B$2:$AB$37,MATCH($N3,Calcs!$CJ$2:$CJ$37,0),MATCH(T$1,Calcs!$B$1:$AB$1,0)),"") -> 0 | U3: =IFERROR(INDEX(Calcs!$B$2:$AB$37,MATCH($N3,Calcs!$CJ$2:$CJ$37,0),MATCH(U$1,Calcs!$B$1:$AB$1,0)),"") -> 1 | V3: =IFERROR(INDEX(Calcs!$B$2:$AB$37,MATCH($N3,Calcs!$CJ$2:$CJ$37,0),MATCH(V$1,Calcs!$B$1:$AB$1,0)),"") -> 20 | W3: =IFERROR(INDEX(Calcs!$B$2:$AB$37,MATCH($N3,Calcs!$CJ$2:$CJ$37,0),MATCH(W$1,Calcs!$B$1:$AB$1,0)),"") -> 7 | X3: =IFERROR(INDEX(Calcs!$B$2:$AB$37,MATCH($N3,Calcs!$CJ$2:$CJ$37,0),MATCH(X$1,Calcs!$B$1:$AB$1,0)),"") -> 13 | ... AQ3: =IFERROR(INDEX(Calcs!$B$2:$AB$37,MATCH($N3,Calcs!$CJ$2:$CJ$37,0),MATCH(AQ$1,Calcs!$B$1:$AB$1,0)),"") -> 106 | AS3: =INDEX(Calcs!A$2:A$37,MATCH($N3,Calcs!$CF$2:$CF$37,0)) -> Bayern München | AU3: =INDEX(Calcs!$BZ$2:$BZ$37,MATCH($AS3,Calcs!$A$2:$A$37,0)) -> 2 | AV3: =COUNTIF($AU$2:$AU$37,$AU3) -> 1 | AW3: =AU3&"."&AV3 -> 2.1 | AZ3: =TablaEquipos[[#This Row],[Team]] -> Arsenal | BF3: =IF(OR(G3="",H3=""),"Pendiente",IF(G3>H3,"Local",IF(G3<H3,"Visitante","Empate"))) -> Visitante | BH3: 2 | BI3: {=IFERROR(INDEX(Equipo_visitante,MATCH($BH3&BI$1,Jornada&Equipo_local,0)),INDEX(Equipo_local,MATCH($BH3&BI$1,Jornada&Equipo_visitante,0)))} -> Marseille | BJ3: {=IFERROR(INDEX(Equipo_visitante,MATCH($BH3&BJ$1,Jornada&Equipo_local,0)),INDEX(Equipo_local,MATCH($BH3&BJ$1,Jornada&Equipo_visitante,0)))} -> Olympiakos | BK3: {=IFERROR(INDEX(Equipo_visitante,MATCH($BH3&BK$1,Jornada&Equipo_local,0)),INDEX(Equipo_local,MATCH($BH3&BK$1,Jornada&Equipo_visitante,0)))} -> Brugge | BL3: {=IFERROR(INDEX(Equipo_visitante,MATCH($BH3&BL$1,Jornada&Equipo_local,0)),INDEX(Equipo_local,MATCH($BH3&BL$1,Jornada&Equipo_visitante,0)))} -> Borussia Dortmund | BM3: {=IFERROR(INDEX(Equipo_visitante,MATCH($BH3&BM$1,Jornada&Equipo_local,0)),INDEX(Equipo_local,MATCH($BH3&BM$1,Jornada&Equipo_visitante,0)))} -> Eintracht Frankfurt | BN3: {=IFERROR(INDEX(Equipo_visitante,MATCH($BH3&BN$1,Jornada&Equipo_local,0)),INDEX(Equipo_local,MATCH($BH3&BN$1,Jornada&Equipo_visitante,0)))} -> PSG | BO3: {=IFERROR(INDEX(Equipo_visitante,MATCH($BH3&BO$1,Jornada&Equipo_local,0)),INDEX(Equipo_local,MATCH($BH3&BO$1,Jornada&Equipo_visitante,0)))} -> PSV Eindhoven | BP3: {=IFERROR(INDEX(Equipo_visitante,MATCH($BH3&BP$1,Jornada&Equipo_local,0)),INDEX(Equipo_local,MATCH($BH3&BP$1,Jornada&Equipo_visitante,0)))} -> Pafos | ... CR3: {=IFERROR(INDEX(Equipo_visitante,MATCH($BH3&CR$1,Jornada&Equipo_local,0)),INDEX(Equipo_local,MATCH($BH3&CR$1,Jornada&Equipo_visitante,0)))} -> Juventus
A4: 1 | B4: =Horarios!C4 -> 45916.875 | C4: =Horarios!C4 -> 45916.875 | D4: Juventus | E4: =INDEX(TablaEquipos[Badge],MATCH(D4,TablaEquipos[Team],0)) -> #VALUE! | G4: 4 | H4: 4 | J4: =INDEX(TablaEquipos[Badge],MATCH(K4,TablaEquipos[Team],0)) -> #VALUE! | K4: Borussia Dortmund | N4: 3 | O4: =INDEX(TablaEquipos[],MATCH(P4,TablaEquipos[Team],0),MATCH($O$1,TablaEquipos[#Headers],0)) -> #VALUE! | P4: =IFERROR(INDEX(Calcs!A$2:A$37,MATCH($N4,Calcs!$CJ$2:$CJ$37,0)),"") -> Real Madrid | Q4: =IFERROR(INDEX(Calcs!$B$2:$AB$37,MATCH($N4,Calcs!$CJ$2:$CJ$37,0),MATCH(Q$1,Calcs!$B$1:$AB$1,0)),"") -> 15 | R4: =IFERROR(INDEX(Calcs!$B$2:$AB$37,MATCH($N4,Calcs!$CJ$2:$CJ$37,0),MATCH(R$1,Calcs!$B$1:$AB$1,0)),"") -> 7 | S4: =IFERROR(INDEX(Calcs!$B$2:$AB$37,MATCH($N4,Calcs!$CJ$2:$CJ$37,0),MATCH(S$1,Calcs!$B$1:$AB$1,0)),"") -> 5 | T4: =IFERROR(INDEX(Calcs!$B$2:$AB$37,MATCH($N4,Calcs!$CJ$2:$CJ$37,0),MATCH(T$1,Calcs!$B$1:$AB$1,0)),"") -> 0 | U4: =IFERROR(INDEX(Calcs!$B$2:$AB$37,MATCH($N4,Calcs!$CJ$2:$CJ$37,0),MATCH(U$1,Calcs!$B$1:$AB$1,0)),"") -> 2 | V4: =IFERROR(INDEX(Calcs!$B$2:$AB$37,MATCH($N4,Calcs!$CJ$2:$CJ$37,0),MATCH(V$1,Calcs!$B$1:$AB$1,0)),"") -> 19 | W4: =IFERROR(INDEX(Calcs!$B$2:$AB$37,MATCH($N4,Calcs!$CJ$2:$CJ$37,0),MATCH(W$1,Calcs!$B$1:$AB$1,0)),"") -> 8 | X4: =IFERROR(INDEX(Calcs!$B$2:$AB$37,MATCH($N4,Calcs!$CJ$2:$CJ$37,0),MATCH(X$1,Calcs!$B$1:$AB$1,0)),"") -> 11 | ... AQ4: =IFERROR(INDEX(Calcs!$B$2:$AB$37,MATCH($N4,Calcs!$CJ$2:$CJ$37,0),MATCH(AQ$1,Calcs!$B$1:$AB$1,0)),"") -> 79 | AS4: =INDEX(Calcs!A$2:A$37,MATCH($N4,Calcs!$CF$2:$CF$37,0)) -> Real Madrid | AU4: =INDEX(Calcs!$BZ$2:$BZ$37,MATCH($AS4,Calcs!$A$2:$A$37,0)) -> 3 | AV4: =COUNTIF($AU$2:$AU$37,$AU4) -> 1 | AW4: =AU4&"."&AV4 -> 3.1 | AZ4: =TablaEquipos[[#This Row],[Team]] -> Atalanta | BF4: =IF(OR(G4="",H4=""),"Pendiente",IF(G4>H4,"Local",IF(G4<H4,"Visitante","Empate"))) -> Empate | BH4: 3 | BI4: {=IFERROR(INDEX(Equipo_visitante,MATCH($BH4&BI$1,Jornada&Equipo_local,0)),INDEX(Equipo_local,MATCH($BH4&BI$1,Jornada&Equipo_visitante,0)))} -> Chelsea | BJ4: {=IFERROR(INDEX(Equipo_visitante,MATCH($BH4&BJ$1,Jornada&Equipo_local,0)),INDEX(Equipo_local,MATCH($BH4&BJ$1,Jornada&Equipo_visitante,0)))} -> Atlético Madrid | BK4: {=IFERROR(INDEX(Equipo_visitante,MATCH($BH4&BK$1,Jornada&Equipo_local,0)),INDEX(Equipo_local,MATCH($BH4&BK$1,Jornada&Equipo_visitante,0)))} -> Slavia Praha | BL4: {=IFERROR(INDEX(Equipo_visitante,MATCH($BH4&BL$1,Jornada&Equipo_local,0)),INDEX(Equipo_local,MATCH($BH4&BL$1,Jornada&Equipo_visitante,0)))} -> Qarabağ | BM4: {=IFERROR(INDEX(Equipo_visitante,MATCH($BH4&BM$1,Jornada&Equipo_local,0)),INDEX(Equipo_local,MATCH($BH4&BM$1,Jornada&Equipo_visitante,0)))} -> Arsenal | BN4: {=IFERROR(INDEX(Equipo_visitante,MATCH($BH4&BN$1,Jornada&Equipo_local,0)),INDEX(Equipo_local,MATCH($BH4&BN$1,Jornada&Equipo_visitante,0)))} -> Olympiakos | BO4: {=IFERROR(INDEX(Equipo_visitante,MATCH($BH4&BO$1,Jornada&Equipo_local,0)),INDEX(Equipo_local,MATCH($BH4&BO$1,Jornada&Equipo_visitante,0)))} -> PSG | BP4: {=IFERROR(INDEX(Equipo_visitante,MATCH($BH4&BP$1,Jornada&Equipo_local,0)),INDEX(Equipo_local,MATCH($BH4&BP$1,Jornada&Equipo_visitante,0)))} -> Brugge | ... CR4: {=IFERROR(INDEX(Equipo_visitante,MATCH($BH4&CR$1,Jornada&Equipo_local,0)),INDEX(Equipo_local,MATCH($BH4&CR$1,Jornada&Equipo_visitante,0)))} -> Manchester City
A5: 1 | B5: =Horarios!C5 -> 45916.875 | C5: =Horarios!C5 -> 45916.875 | D5: Real Madrid | E5: =INDEX(TablaEquipos[Badge],MATCH(D5,TablaEquipos[Team],0)) -> #VALUE! | G5: 2 | H5: 1 | J5: =INDEX(TablaEquipos[Badge],MATCH(K5,TablaEquipos[Team],0)) -> #VALUE! | K5: Marseille | N5: 4 | O5: =INDEX(TablaEquipos[],MATCH(P5,TablaEquipos[Team],0),MATCH($O$1,TablaEquipos[#Headers],0)) -> #VALUE! | P5: =IFERROR(INDEX(Calcs!A$2:A$37,MATCH($N5,Calcs!$CJ$2:$CJ$37,0)),"") -> Liverpool | Q5: =IFERROR(INDEX(Calcs!$B$2:$AB$37,MATCH($N5,Calcs!$CJ$2:$CJ$37,0),MATCH(Q$1,Calcs!$B$1:$AB$1,0)),"") -> 15 | R5: =IFERROR(INDEX(Calcs!$B$2:$AB$37,MATCH($N5,Calcs!$CJ$2:$CJ$37,0),MATCH(R$1,Calcs!$B$1:$AB$1,0)),"") -> 7 | S5: =IFERROR(INDEX(Calcs!$B$2:$AB$37,MATCH($N5,Calcs!$CJ$2:$CJ$37,0),MATCH(S$1,Calcs!$B$1:$AB$1,0)),"") -> 5 | T5: =IFERROR(INDEX(Calcs!$B$2:$AB$37,MATCH($N5,Calcs!$CJ$2:$CJ$37,0),MATCH(T$1,Calcs!$B$1:$AB$1,0)),"") -> 0 | U5: =IFERROR(INDEX(Calcs!$B$2:$AB$37,MATCH($N5,Calcs!$CJ$2:$CJ$37,0),MATCH(U$1,Calcs!$B$1:$AB$1,0)),"") -> 2 | V5: =IFERROR(INDEX(Calcs!$B$2:$AB$37,MATCH($N5,Calcs!$CJ$2:$CJ$37,0),MATCH(V$1,Calcs!$B$1:$AB$1,0)),"") -> 14 | W5: =IFERROR(INDEX(Calcs!$B$2:$AB$37,MATCH($N5,Calcs!$CJ$2:$CJ$37,0),MATCH(W$1,Calcs!$B$1:$AB$1,0)),"") -> 8 | X5: =IFERROR(INDEX(Calcs!$B$2:$AB$37,MATCH($N5,Calcs!$CJ$2:$CJ$37,0),MATCH(X$1,Calcs!$B$1:$AB$1,0)),"") -> 6 | ... AQ5: =IFERROR(INDEX(Calcs!$B$2:$AB$37,MATCH($N5,Calcs!$CJ$2:$CJ$37,0),MATCH(AQ$1,Calcs!$B$1:$AB$1,0)),"") -> 106 | AS5: =INDEX(Calcs!A$2:A$37,MATCH($N5,Calcs!$CF$2:$CF$37,0)) -> Liverpool | AU5: =INDEX(Calcs!$BZ$2:$BZ$37,MATCH($AS5,Calcs!$A$2:$A$37,0)) -> 4 | AV5: =COUNTIF($AU$2:$AU$37,$AU5) -> 1 | AW5: =AU5&"."&AV5 -> 4.1 | AZ5: =TablaEquipos[[#This Row],[Team]] -> Athletic Bilbao | BF5: =IF(OR(G5="",H5=""),"Pendiente",IF(G5>H5,"Local",IF(G5<H5,"Visitante","Empate"))) -> Local | BH5: 4 | BI5: {=IFERROR(INDEX(Equipo_visitante,MATCH($BH5&BI$1,Jornada&Equipo_local,0)),INDEX(Equipo_local,MATCH($BH5&BI$1,Jornada&Equipo_visitante,0)))} -> Galatasaray | BJ5: {=IFERROR(INDEX(Equipo_visitante,MATCH($BH5&BJ$1,Jornada&Equipo_local,0)),INDEX(Equipo_local,MATCH($BH5&BJ$1,Jornada&Equipo_visitante,0)))} -> Slavia Praha | BK5: {=IFERROR(INDEX(Equipo_visitante,MATCH($BH5&BK$1,Jornada&Equipo_local,0)),INDEX(Equipo_local,MATCH($BH5&BK$1,Jornada&Equipo_visitante,0)))} -> Marseille | BL5: {=IFERROR(INDEX(Equipo_visitante,MATCH($BH5&BL$1,Jornada&Equipo_local,0)),INDEX(Equipo_local,MATCH($BH5&BL$1,Jornada&Equipo_visitante,0)))} -> Newcastle | BM5: {=IFERROR(INDEX(Equipo_visitante,MATCH($BH5&BM$1,Jornada&Equipo_local,0)),INDEX(Equipo_local,MATCH($BH5&BM$1,Jornada&Equipo_visitante,0)))} -> Union Saint-Gilloise | BN5: {=IFERROR(INDEX(Equipo_visitante,MATCH($BH5&BN$1,Jornada&Equipo_local,0)),INDEX(Equipo_local,MATCH($BH5&BN$1,Jornada&Equipo_visitante,0)))} -> Brugge | BO5: {=IFERROR(INDEX(Equipo_visitante,MATCH($BH5&BO$1,Jornada&Equipo_local,0)),INDEX(Equipo_local,MATCH($BH5&BO$1,Jornada&Equipo_visitante,0)))} -> Benfica | BP5: {=IFERROR(INDEX(Equipo_visitante,MATCH($BH5&BP$1,Jornada&Equipo_local,0)),INDEX(Equipo_local,MATCH($BH5&BP$1,Jornada&Equipo_visitante,0)))} -> PSG | ... CR5: {=IFERROR(INDEX(Equipo_visitante,MATCH($BH5&CR$1,Jornada&Equipo_local,0)),INDEX(Equipo_local,MATCH($BH5&CR$1,Jornada&Equipo_visitante,0)))} -> Pafos
A6: 1 | B6: =Horarios!C6 -> 45916.875 | C6: =Horarios!C6 -> 45916.875 | D6: Benfica | E6: =INDEX(TablaEquipos[Badge],MATCH(D6,TablaEquipos[Team],0)) -> #VALUE! | G6: 2 | H6: 3 | J6: =INDEX(TablaEquipos[Badge],MATCH(K6,TablaEquipos[Team],0)) -> #VALUE! | K6: Qarabağ | N6: 5 | O6: =INDEX(TablaEquipos[],MATCH(P6,TablaEquipos[Team],0),MATCH($O$1,TablaEquipos[#Headers],0)) -> #VALUE! | P6: =IFERROR(INDEX(Calcs!A$2:A$37,MATCH($N6,Calcs!$CJ$2:$CJ$37,0)),"") -> Tottenham | Q6: =IFERROR(INDEX(Calcs!$B$2:$AB$37,MATCH($N6,Calcs!$CJ$2:$CJ$37,0),MATCH(Q$1,Calcs!$B$1:$AB$1,0)),"") -> 14 | R6: =IFERROR(INDEX(Calcs!$B$2:$AB$37,MATCH($N6,Calcs!$CJ$2:$CJ$37,0),MATCH(R$1,Calcs!$B$1:$AB$1,0)),"") -> 7 | S6: =IFERROR(INDEX(Calcs!$B$2:$AB$37,MATCH($N6,Calcs!$CJ$2:$CJ$37,0),MATCH(S$1,Calcs!$B$1:$AB$1,0)),"") -> 4 | T6: =IFERROR(INDEX(Calcs!$B$2:$AB$37,MATCH($N6,Calcs!$CJ$2:$CJ$37,0),MATCH(T$1,Calcs!$B$1:$AB$1,0)),"") -> 2 | U6: =IFERROR(INDEX(Calcs!$B$2:$AB$37,MATCH($N6,Calcs!$CJ$2:$CJ$37,0),MATCH(U$1,Calcs!$B$1:$AB$1,0)),"") -> 1 | V6: =IFERROR(INDEX(Calcs!$B$2:$AB$37,MATCH($N6,Calcs!$CJ$2:$CJ$37,0),MATCH(V$1,Calcs!$B$1:$AB$1,0)),"") -> 15 | W6: =IFERROR(INDEX(Calcs!$B$2:$AB$37,MATCH($N6,Calcs!$CJ$2:$CJ$37,0),MATCH(W$1,Calcs!$B$1:$AB$1,0)),"") -> 7 | X6: =IFERROR(INDEX(Calcs!$B$2:$AB$37,MATCH($N6,Calcs!$CJ$2:$CJ$37,0),MATCH(X$1,Calcs!$B$1:$AB$1,0)),"") -> 8 | ... AQ6: =IFERROR(INDEX(Calcs!$B$2:$AB$37,MATCH($N6,Calcs!$CJ$2:$CJ$37,0),MATCH(AQ$1,Calcs!$B$1:$AB$1,0)),"") -> 89 | AS6: =INDEX(Calcs!A$2:A$37,MATCH($N6,Calcs!$CF$2:$CF$37,0)) -> Tottenham | AU6: =INDEX(Calcs!$BZ$2:$BZ$37,MATCH($AS6,Calcs!$A$2:$A$37,0)) -> 5 | AV6: =COUNTIF($AU$2:$AU$37,$AU6) -> 1 | AW6: =AU6&"."&AV6 -> 5.1 | AZ6: =TablaEquipos[[#This Row],[Team]] -> Atlético Madrid | BF6: =IF(OR(G6="",H6=""),"Pendiente",IF(G6>H6,"Local",IF(G6<H6,"Visitante","Empate"))) -> Visitante | BG6: {=IFERROR(INDEX(Equipo_visitante,SMALL(IF(BI$1=Equipo_local,ROW(Equipo_visitante)-MIN(ROW(Equipo_local))+1,""),ROW()-5)),"")} -> Inter Milan | BH6: 5 | BI6: {=IFERROR(INDEX(Equipo_visitante,MATCH($BH6&BI$1,Jornada&Equipo_local,0)),INDEX(Equipo_local,MATCH($BH6&BI$1,Jornada&Equipo_visitante,0)))} -> Benfica | BJ6: {=IFERROR(INDEX(Equipo_visitante,MATCH($BH6&BJ$1,Jornada&Equipo_local,0)),INDEX(Equipo_local,MATCH($BH6&BJ$1,Jornada&Equipo_visitante,0)))} -> Bayern München | BK6: {=IFERROR(INDEX(Equipo_visitante,MATCH($BH6&BK$1,Jornada&Equipo_local,0)),INDEX(Equipo_local,MATCH($BH6&BK$1,Jornada&Equipo_visitante,0)))} -> Eintracht Frankfurt | BL6: {=IFERROR(INDEX(Equipo_visitante,MATCH($BH6&BL$1,Jornada&Equipo_local,0)),INDEX(Equipo_local,MATCH($BH6&BL$1,Jornada&Equipo_visitante,0)))} -> Slavia Praha | BM6: {=IFERROR(INDEX(Equipo_visitante,MATCH($BH6&BM$1,Jornada&Equipo_local,0)),INDEX(Equipo_local,MATCH($BH6&BM$1,Jornada&Equipo_visitante,0)))} -> Inter Milan | BN6: {=IFERROR(INDEX(Equipo_visitante,MATCH($BH6&BN$1,Jornada&Equipo_local,0)),INDEX(Equipo_local,MATCH($BH6&BN$1,Jornada&Equipo_visitante,0)))} -> Chelsea | BO6: {=IFERROR(INDEX(Equipo_visitante,MATCH($BH6&BO$1,Jornada&Equipo_local,0)),INDEX(Equipo_local,MATCH($BH6&BO$1,Jornada&Equipo_visitante,0)))} -> Manchester City | BP6: {=IFERROR(INDEX(Equipo_visitante,MATCH($BH6&BP$1,Jornada&Equipo_local,0)),INDEX(Equipo_local,MATCH($BH6&BP$1,Jornada&Equipo_visitante,0)))} -> Arsenal | ... CR6: {=IFERROR(INDEX(Equipo_visitante,MATCH($BH6&CR$1,Jornada&Equipo_local,0)),INDEX(Equipo_local,MATCH($BH6&CR$1,Jornada&Equipo_visitante,0)))} -> Borussia Dortmund
A7: 1 | B7: =Horarios!C7 -> 45916.875 | C7: =Horarios!C7 -> 45916.875 | D7: Tottenham | E7: =INDEX(TablaEquipos[Badge],MATCH(D7,TablaEquipos[Team],0)) -> #VALUE! | G7: 1 | H7: 0 | J7: =INDEX(TablaEquipos[Badge],MATCH(K7,TablaEquipos[Team],0)) -> #VALUE! | K7: Villarreal | N7: 6 | O7: =INDEX(TablaEquipos[],MATCH(P7,TablaEquipos[Team],0),MATCH($O$1,TablaEquipos[#Headers],0)) -> #VALUE! | P7: =IFERROR(INDEX(Calcs!A$2:A$37,MATCH($N7,Calcs!$CJ$2:$CJ$37,0)),"") -> PSG | Q7: =IFERROR(INDEX(Calcs!$B$2:$AB$37,MATCH($N7,Calcs!$CJ$2:$CJ$37,0),MATCH(Q$1,Calcs!$B$1:$AB$1,0)),"") -> 13 | R7: =IFERROR(INDEX(Calcs!$B$2:$AB$37,MATCH($N7,Calcs!$CJ$2:$CJ$37,0),MATCH(R$1,Calcs!$B$1:$AB$1,0)),"") -> 7 | S7: =IFERROR(INDEX(Calcs!$B$2:$AB$37,MATCH($N7,Calcs!$CJ$2:$CJ$37,0),MATCH(S$1,Calcs!$B$1:$AB$1,0)),"") -> 4 | T7: =IFERROR(INDEX(Calcs!$B$2:$AB$37,MATCH($N7,Calcs!$CJ$2:$CJ$37,0),MATCH(T$1,Calcs!$B$1:$AB$1,0)),"") -> 1 | U7: =IFERROR(INDEX(Calcs!$B$2:$AB$37,MATCH($N7,Calcs!$CJ$2:$CJ$37,0),MATCH(U$1,Calcs!$B$1:$AB$1,0)),"") -> 2 | V7: =IFERROR(INDEX(Calcs!$B$2:$AB$37,MATCH($N7,Calcs!$CJ$2:$CJ$37,0),MATCH(V$1,Calcs!$B$1:$AB$1,0)),"") -> 20 | W7: =IFERROR(INDEX(Calcs!$B$2:$AB$37,MATCH($N7,Calcs!$CJ$2:$CJ$37,0),MATCH(W$1,Calcs!$B$1:$AB$1,0)),"") -> 10 | X7: =IFERROR(INDEX(Calcs!$B$2:$AB$37,MATCH($N7,Calcs!$CJ$2:$CJ$37,0),MATCH(X$1,Calcs!$B$1:$AB$1,0)),"") -> 10 | ... AQ7: =IFERROR(INDEX(Calcs!$B$2:$AB$37,MATCH($N7,Calcs!$CJ$2:$CJ$37,0),MATCH(AQ$1,Calcs!$B$1:$AB$1,0)),"") -> 110 | AS7: =INDEX(Calcs!A$2:A$37,MATCH($N7,Calcs!$CF$2:$CF$37,0)) -> PSG | AU7: =INDEX(Calcs!$BZ$2:$BZ$37,MATCH($AS7,Calcs!$A$2:$A$37,0)) -> 6 | AV7: =COUNTIF($AU$2:$AU$37,$AU7) -> 1 | AW7: =AU7&"."&AV7 -> 6.1 | AZ7: =TablaEquipos[[#This Row],[Team]] -> Barcelona | BF7: =IF(OR(G7="",H7=""),"Pendiente",IF(G7>H7,"Local",IF(G7<H7,"Visitante","Empate"))) -> Local | BH7: 6 | BI7: {=IFERROR(INDEX(Equipo_visitante,MATCH($BH7&BI$1,Jornada&Equipo_local,0)),INDEX(Equipo_local,MATCH($BH7&BI$1,Jornada&Equipo_visitante,0)))} -> Qarabağ | BJ7: {=IFERROR(INDEX(Equipo_visitante,MATCH($BH7&BJ$1,Jornada&Equipo_local,0)),INDEX(Equipo_local,MATCH($BH7&BJ$1,Jornada&Equipo_visitante,0)))} -> Brugge | BK7: {=IFERROR(INDEX(Equipo_visitante,MATCH($BH7&BK$1,Jornada&Equipo_local,0)),INDEX(Equipo_local,MATCH($BH7&BK$1,Jornada&Equipo_visitante,0)))} -> Chelsea | BL7: {=IFERROR(INDEX(Equipo_visitante,MATCH($BH7&BL$1,Jornada&Equipo_local,0)),INDEX(Equipo_local,MATCH($BH7&BL$1,Jornada&Equipo_visitante,0)))} -> PSG | BM7: {=IFERROR(INDEX(Equipo_visitante,MATCH($BH7&BM$1,Jornada&Equipo_local,0)),INDEX(Equipo_local,MATCH($BH7&BM$1,Jornada&Equipo_visitante,0)))} -> PSV Eindhoven | BN7: {=IFERROR(INDEX(Equipo_visitante,MATCH($BH7&BN$1,Jornada&Equipo_local,0)),INDEX(Equipo_local,MATCH($BH7&BN$1,Jornada&Equipo_visitante,0)))} -> Eintracht Frankfurt | BO7: {=IFERROR(INDEX(Equipo_visitante,MATCH($BH7&BO$1,Jornada&Equipo_local,0)),INDEX(Equipo_local,MATCH($BH7&BO$1,Jornada&Equipo_visitante,0)))} -> Newcastle | BP7: {=IFERROR(INDEX(Equipo_visitante,MATCH($BH7&BP$1,Jornada&Equipo_local,0)),INDEX(Equipo_local,MATCH($BH7&BP$1,Jornada&Equipo_visitante,0)))} -> Sporting Portugal | ... CR7: {=IFERROR(INDEX(Equipo_visitante,MATCH($BH7&CR$1,Jornada&Equipo_local,0)),INDEX(Equipo_local,MATCH($BH7&CR$1,Jornada&Equipo_visitante,0)))} -> Copenhagen
A8: 1 | B8: =Horarios!C8 -> 45917.781 | C8: =Horarios!C8 -> 45917.781 | D8: Olympiakos | E8: =INDEX(TablaEquipos[Badge],MATCH(D8,TablaEquipos[Team],0)) -> #VALUE! | G8: 0 | H8: 0 | J8: =INDEX(TablaEquipos[Badge],MATCH(K8,TablaEquipos[Team],0)) -> #VALUE! | K8: Pafos | N8: 7 | O8: =INDEX(TablaEquipos[],MATCH(P8,TablaEquipos[Team],0),MATCH($O$1,TablaEquipos[#Headers],0)) -> #VALUE! | P8: =IFERROR(INDEX(Calcs!A$2:A$37,MATCH($N8,Calcs!$CJ$2:$CJ$37,0)),"") -> Newcastle | Q8: =IFERROR(INDEX(Calcs!$B$2:$AB$37,MATCH($N8,Calcs!$CJ$2:$CJ$37,0),MATCH(Q$1,Calcs!$B$1:$AB$1,0)),"") -> 13 | R8: =IFERROR(INDEX(Calcs!$B$2:$AB$37,MATCH($N8,Calcs!$CJ$2:$CJ$37,0),MATCH(R$1,Calcs!$B$1:$AB$1,0)),"") -> 7 | S8: =IFERROR(INDEX(Calcs!$B$2:$AB$37,MATCH($N8,Calcs!$CJ$2:$CJ$37,0),MATCH(S$1,Calcs!$B$1:$AB$1,0)),"") -> 4 | T8: =IFERROR(INDEX(Calcs!$B$2:$AB$37,MATCH($N8,Calcs!$CJ$2:$CJ$37,0),MATCH(T$1,Calcs!$B$1:$AB$1,0)),"") -> 1 | U8: =IFERROR(INDEX(Calcs!$B$2:$AB$37,MATCH($N8,Calcs!$CJ$2:$CJ$37,0),MATCH(U$1,Calcs!$B$1:$AB$1,0)),"") -> 2 | V8: =IFERROR(INDEX(Calcs!$B$2:$AB$37,MATCH($N8,Calcs!$CJ$2:$CJ$37,0),MATCH(V$1,Calcs!$B$1:$AB$1,0)),"") -> 16 | W8: =IFERROR(INDEX(Calcs!$B$2:$AB$37,MATCH($N8,Calcs!$CJ$2:$CJ$37,0),MATCH(W$1,Calcs!$B$1:$AB$1,0)),"") -> 6 | X8: =IFERROR(INDEX(Calcs!$B$2:$AB$37,MATCH($N8,Calcs!$CJ$2:$CJ$37,0),MATCH(X$1,Calcs!$B$1:$AB$1,0)),"") -> 10 | ... AQ8: =IFERROR(INDEX(Calcs!$B$2:$AB$37,MATCH($N8,Calcs!$CJ$2:$CJ$37,0),MATCH(AQ$1,Calcs!$B$1:$AB$1,0)),"") -> 94 | AS8: =INDEX(Calcs!A$2:A$37,MATCH($N8,Calcs!$CF$2:$CF$37,0)) -> Newcastle | AU8: =INDEX(Calcs!$BZ$2:$BZ$37,MATCH($AS8,Calcs!$A$2:$A$37,0)) -> 7 | AV8: =COUNTIF($AU$2:$AU$37,$AU8) -> 1 | AW8: =AU8&"."&AV8 -> 7.1 | AZ8: =TablaEquipos[[#This Row],[Team]] -> Bayer Leverkusen | BF8: =IF(OR(G8="",H8=""),"Pendiente",IF(G8>H8,"Local",IF(G8<H8,"Visitante","Empate"))) -> Empate | BH8: 7 | BI8: {=IFERROR(INDEX(Equipo_visitante,MATCH($BH8&BI$1,Jornada&Equipo_local,0)),INDEX(Equipo_local,MATCH($BH8&BI$1,Jornada&Equipo_visitante,0)))} -> Villarreal | BJ8: {=IFERROR(INDEX(Equipo_visitante,MATCH($BH8&BJ$1,Jornada&Equipo_local,0)),INDEX(Equipo_local,MATCH($BH8&BJ$1,Jornada&Equipo_visitante,0)))} -> Inter Milan | BK8: {=IFERROR(INDEX(Equipo_visitante,MATCH($BH8&BK$1,Jornada&Equipo_local,0)),INDEX(Equipo_local,MATCH($BH8&BK$1,Jornada&Equipo_visitante,0)))} -> Athletic Bilbao | BL8: {=IFERROR(INDEX(Equipo_visitante,MATCH($BH8&BL$1,Jornada&Equipo_local,0)),INDEX(Equipo_local,MATCH($BH8&BL$1,Jornada&Equipo_visitante,0)))} -> Atalanta | BM8: {=IFERROR(INDEX(Equipo_visitante,MATCH($BH8&BM$1,Jornada&Equipo_local,0)),INDEX(Equipo_local,MATCH($BH8&BM$1,Jornada&Equipo_visitante,0)))} -> Galatasaray | BN8: {=IFERROR(INDEX(Equipo_visitante,MATCH($BH8&BN$1,Jornada&Equipo_local,0)),INDEX(Equipo_local,MATCH($BH8&BN$1,Jornada&Equipo_visitante,0)))} -> Slavia Praha | BO8: {=IFERROR(INDEX(Equipo_visitante,MATCH($BH8&BO$1,Jornada&Equipo_local,0)),INDEX(Equipo_local,MATCH($BH8&BO$1,Jornada&Equipo_visitante,0)))} -> Olympiakos | BP8: {=IFERROR(INDEX(Equipo_visitante,MATCH($BH8&BP$1,Jornada&Equipo_local,0)),INDEX(Equipo_local,MATCH($BH8&BP$1,Jornada&Equipo_visitante,0)))} -> Union Saint-Gilloise | ... CR8: {=IFERROR(INDEX(Equipo_visitante,MATCH($BH8&CR$1,Jornada&Equipo_local,0)),INDEX(Equipo_local,MATCH($BH8&CR$1,Jornada&Equipo_visitante,0)))} -> Ajax
A9: 1 | B9: =Horarios!C9 -> 45917.781 | C9: =Horarios!C9 -> 45917.781 | D9: Slavia Praha | E9: =INDEX(TablaEquipos[Badge],MATCH(D9,TablaEquipos[Team],0)) -> #VALUE! | G9: 2 | H9: 2 | J9: =INDEX(TablaEquipos[Badge],MATCH(K9,TablaEquipos[Team],0)) -> #VALUE! | K9: Bodø/Glimt | N9: 8 | O9: =INDEX(TablaEquipos[],MATCH(P9,TablaEquipos[Team],0),MATCH($O$1,TablaEquipos[#Headers],0)) -> #VALUE! | P9: =IFERROR(INDEX(Calcs!A$2:A$37,MATCH($N9,Calcs!$CJ$2:$CJ$37,0)),"") -> Chelsea | Q9: =IFERROR(INDEX(Calcs!$B$2:$AB$37,MATCH($N9,Calcs!$CJ$2:$CJ$37,0),MATCH(Q$1,Calcs!$B$1:$AB$1,0)),"") -> 13 | R9: =IFERROR(INDEX(Calcs!$B$2:$AB$37,MATCH($N9,Calcs!$CJ$2:$CJ$37,0),MATCH(R$1,Calcs!$B$1:$AB$1,0)),"") -> 7 | S9: =IFERROR(INDEX(Calcs!$B$2:$AB$37,MATCH($N9,Calcs!$CJ$2:$CJ$37,0),MATCH(S$1,Calcs!$B$1:$AB$1,0)),"") -> 4 | T9: =IFERROR(INDEX(Calcs!$B$2:$AB$37,MATCH($N9,Calcs!$CJ$2:$CJ$37,0),MATCH(T$1,Calcs!$B$1:$AB$1,0)),"") -> 1 | U9: =IFERROR(INDEX(Calcs!$B$2:$AB$37,MATCH($N9,Calcs!$CJ$2:$CJ$37,0),MATCH(U$1,Calcs!$B$1:$AB$1,0)),"") -> 2 | V9: =IFERROR(INDEX(Calcs!$B$2:$AB$37,MATCH($N9,Calcs!$CJ$2:$CJ$37,0),MATCH(V$1,Calcs!$B$1:$AB$1,0)),"") -> 14 | W9: =IFERROR(INDEX(Calcs!$B$2:$AB$37,MATCH($N9,Calcs!$CJ$2:$CJ$37,0),MATCH(W$1,Calcs!$B$1:$AB$1,0)),"") -> 8 | X9: =IFERROR(INDEX(Calcs!$B$2:$AB$37,MATCH($N9,Calcs!$CJ$2:$CJ$37,0),MATCH(X$1,Calcs!$B$1:$AB$1,0)),"") -> 6 | ... AQ9: =IFERROR(INDEX(Calcs!$B$2:$AB$37,MATCH($N9,Calcs!$CJ$2:$CJ$37,0),MATCH(AQ$1,Calcs!$B$1:$AB$1,0)),"") -> 85 | AS9: =INDEX(Calcs!A$2:A$37,MATCH($N9,Calcs!$CF$2:$CF$37,0)) -> Chelsea | AU9: =INDEX(Calcs!$BZ$2:$BZ$37,MATCH($AS9,Calcs!$A$2:$A$37,0)) -> 8 | AV9: =COUNTIF($AU$2:$AU$37,$AU9) -> 1 | AW9: =AU9&"."&AV9 -> 8.1 | AZ9: =TablaEquipos[[#This Row],[Team]] -> Bayern München | BF9: =IF(OR(G9="",H9=""),"Pendiente",IF(G9>H9,"Local",IF(G9<H9,"Visitante","Empate"))) -> Empate | BH9: 8 | BI9: {=IFERROR(INDEX(Equipo_visitante,MATCH($BH9&BI$1,Jornada&Equipo_local,0)),INDEX(Equipo_local,MATCH($BH9&BI$1,Jornada&Equipo_visitante,0)))} -> Olympiakos | BJ9: {=IFERROR(INDEX(Equipo_visitante,MATCH($BH9&BJ$1,Jornada&Equipo_local,0)),INDEX(Equipo_local,MATCH($BH9&BJ$1,Jornada&Equipo_visitante,0)))} -> Kairat Almaty | BK9: {=IFERROR(INDEX(Equipo_visitante,MATCH($BH9&BK$1,Jornada&Equipo_local,0)),INDEX(Equipo_local,MATCH($BH9&BK$1,Jornada&Equipo_visitante,0)))} -> Union Saint-Gilloise | BL9: {=IFERROR(INDEX(Equipo_visitante,MATCH($BH9&BL$1,Jornada&Equipo_local,0)),INDEX(Equipo_local,MATCH($BH9&BL$1,Jornada&Equipo_visitante,0)))} -> Sporting Portugal | BM9: {=IFERROR(INDEX(Equipo_visitante,MATCH($BH9&BM$1,Jornada&Equipo_local,0)),INDEX(Equipo_local,MATCH($BH9&BM$1,Jornada&Equipo_visitante,0)))} -> Bodø/Glimt | BN9: {=IFERROR(INDEX(Equipo_visitante,MATCH($BH9&BN$1,Jornada&Equipo_local,0)),INDEX(Equipo_local,MATCH($BH9&BN$1,Jornada&Equipo_visitante,0)))} -> Copenhagen | BO9: {=IFERROR(INDEX(Equipo_visitante,MATCH($BH9&BO$1,Jornada&Equipo_local,0)),INDEX(Equipo_local,MATCH($BH9&BO$1,Jornada&Equipo_visitante,0)))} -> Villarreal | BP9: {=IFERROR(INDEX(Equipo_visitante,MATCH($BH9&BP$1,Jornada&Equipo_local,0)),INDEX(Equipo_local,MATCH($BH9&BP$1,Jornada&Equipo_visitante,0)))} -> PSV Eindhoven | ... CR9: {=IFERROR(INDEX(Equipo_visitante,MATCH($BH9&CR$1,Jornada&Equipo_local,0)),INDEX(Equipo_local,MATCH($BH9&CR$1,Jornada&Equipo_visitante,0)))} -> Bayer Leverkusen
A10: 1 | B10: =Horarios!C10 -> 45917.875 | C10: =Horarios!C10 -> 45917.875 | D10: Ajax | E10: =INDEX(TablaEquipos[Badge],MATCH(D10,TablaEquipos[Team],0)) -> #VALUE! | G10: 0 | H10: 2 | J10: =INDEX(TablaEquipos[Badge],MATCH(K10,TablaEquipos[Team],0)) -> #VALUE! | K10: Inter Milan | N10: 9 | O10: =INDEX(TablaEquipos[],MATCH(P10,TablaEquipos[Team],0),MATCH($O$1,TablaEquipos[#Headers],0)) -> #VALUE! | P10: =IFERROR(INDEX(Calcs!A$2:A$37,MATCH($N10,Calcs!$CJ$2:$CJ$37,0)),"") -> Barcelona | Q10: =IFERROR(INDEX(Calcs!$B$2:$AB$37,MATCH($N10,Calcs!$CJ$2:$CJ$37,0),MATCH(Q$1,Calcs!$B$1:$AB$1,0)),"") -> 13 | R10: =IFERROR(INDEX(Calcs!$B$2:$AB$37,MATCH($N10,Calcs!$CJ$2:$CJ$37,0),MATCH(R$1,Calcs!$B$1:$AB$1,0)),"") -> 7 | S10: =IFERROR(INDEX(Calcs!$B$2:$AB$37,MATCH($N10,Calcs!$CJ$2:$CJ$37,0),MATCH(S$1,Calcs!$B$1:$AB$1,0)),"") -> 4 | T10: =IFERROR(INDEX(Calcs!$B$2:$AB$37,MATCH($N10,Calcs!$CJ$2:$CJ$37,0),MATCH(T$1,Calcs!$B$1:$AB$1,0)),"") -> 1 | U10: =IFERROR(INDEX(Calcs!$B$2:$AB$37,MATCH($N10,Calcs!$CJ$2:$CJ$37,0),MATCH(U$1,Calcs!$B$1:$AB$1,0)),"") -> 2 | V10: =IFERROR(INDEX(Calcs!$B$2:$AB$37,MATCH($N10,Calcs!$CJ$2:$CJ$37,0),MATCH(V$1,Calcs!$B$1:$AB$1,0)),"") -> 18 | W10: =IFERROR(INDEX(Calcs!$B$2:$AB$37,MATCH($N10,Calcs!$CJ$2:$CJ$37,0),MATCH(W$1,Calcs!$B$1:$AB$1,0)),"") -> 13 | X10: =IFERROR(INDEX(Calcs!$B$2:$AB$37,MATCH($N10,Calcs!$CJ$2:$CJ$37,0),MATCH(X$1,Calcs!$B$1:$AB$1,0)),"") -> 5 | ... AQ10: =IFERROR(INDEX(Calcs!$B$2:$AB$37,MATCH($N10,Calcs!$CJ$2:$CJ$37,0),MATCH(AQ$1,Calcs!$B$1:$AB$1,0)),"") -> 95 | AS10: =INDEX(Calcs!A$2:A$37,MATCH($N10,Calcs!$CF$2:$CF$37,0)) -> Barcelona | AU10: =INDEX(Calcs!$BZ$2:$BZ$37,MATCH($AS10,Calcs!$A$2:$A$37,0)) -> 9 | AV10: =COUNTIF($AU$2:$AU$37,$AU10) -> 1 | AW10: =AU10&"."&AV10 -> 9.1 | AZ10: =TablaEquipos[[#This Row],[Team]] -> Benfica | BF10: =IF(OR(G10="",H10=""),"Pendiente",IF(G10>H10,"Local",IF(G10<H10,"Visitante","Empate"))) -> Visitante | BH10: Puntos | BI10: =SUMIF(Calcs!$A$2:$A$37,League!BI2,Calcs!$I$2:$I$37)-INDEX($BA$2:$BA$37,MATCH(BI2,$AZ$2:$AZ$37,0)) -> 12 | BJ10: =SUMIF(Calcs!$A$2:$A$37,League!BJ2,Calcs!$I$2:$I$37)-INDEX($BA$2:$BA$37,MATCH(BJ2,$AZ$2:$AZ$37,0)) -> 8 | BK10: =SUMIF(Calcs!$A$2:$A$37,League!BK2,Calcs!$I$2:$I$37)-INDEX($BA$2:$BA$37,MATCH(BK2,$AZ$2:$AZ$37,0)) -> 13 | BL10: =SUMIF(Calcs!$A$2:$A$37,League!BL2,Calcs!$I$2:$I$37)-INDEX($BA$2:$BA$37,MATCH(BL2,$AZ$2:$AZ$37,0)) -> 21 | BM10: =SUMIF(Calcs!$A$2:$A$37,League!BM2,Calcs!$I$2:$I$37)-INDEX($BA$2:$BA$37,MATCH(BM2,$AZ$2:$AZ$37,0)) -> 15 | BN10: =SUMIF(Calcs!$A$2:$A$37,League!BN2,Calcs!$I$2:$I$37)-INDEX($BA$2:$BA$37,MATCH(BN2,$AZ$2:$AZ$37,0)) -> 13 | BO10: =SUMIF(Calcs!$A$2:$A$37,League!BO2,Calcs!$I$2:$I$37)-INDEX($BA$2:$BA$37,MATCH(BO2,$AZ$2:$AZ$37,0)) -> 8 | BP10: =SUMIF(Calcs!$A$2:$A$37,League!BP2,Calcs!$I$2:$I$37)-INDEX($BA$2:$BA$37,MATCH(BP2,$AZ$2:$AZ$37,0)) -> 13 | ... CR10: =SUMIF(Calcs!$A$2:$A$37,League!CR2,Calcs!$I$2:$I$37)-INDEX($BA$2:$BA$37,MATCH(CR2,$AZ$2:$AZ$37,0)) -> 14
A11: 1 | B11: =Horarios!C11 -> 45917.875 | C11: =Horarios!C11 -> 45917.875 | D11: Bayern München | E11: =INDEX(TablaEquipos[Badge],MATCH(D11,TablaEquipos[Team],0)) -> #VALUE! | G11: 3 | H11: 1 | J11: =INDEX(TablaEquipos[Badge],MATCH(K11,TablaEquipos[Team],0)) -> #VALUE! | K11: Chelsea | N11: 10 | O11: =INDEX(TablaEquipos[],MATCH(P11,TablaEquipos[Team],0),MATCH($O$1,TablaEquipos[#Headers],0)) -> #VALUE! | P11: =IFERROR(INDEX(Calcs!A$2:A$37,MATCH($N11,Calcs!$CJ$2:$CJ$37,0)),"") -> Sporting Portugal | Q11: =IFERROR(INDEX(Calcs!$B$2:$AB$37,MATCH($N11,Calcs!$CJ$2:$CJ$37,0),MATCH(Q$1,Calcs!$B$1:$AB$1,0)),"") -> 13 | R11: =IFERROR(INDEX(Calcs!$B$2:$AB$37,MATCH($N11,Calcs!$CJ$2:$CJ$37,0),MATCH(R$1,Calcs!$B$1:$AB$1,0)),"") -> 7 | S11: =IFERROR(INDEX(Calcs!$B$2:$AB$37,MATCH($N11,Calcs!$CJ$2:$CJ$37,0),MATCH(S$1,Calcs!$B$1:$AB$1,0)),"") -> 4 | T11: =IFERROR(INDEX(Calcs!$B$2:$AB$37,MATCH($N11,Calcs!$CJ$2:$CJ$37,0),MATCH(T$1,Calcs!$B$1:$AB$1,0)),"") -> 1 | U11: =IFERROR(INDEX(Calcs!$B$2:$AB$37,MATCH($N11,Calcs!$CJ$2:$CJ$37,0),MATCH(U$1,Calcs!$B$1:$AB$1,0)),"") -> 2 | V11: =IFERROR(INDEX(Calcs!$B$2:$AB$37,MATCH($N11,Calcs!$CJ$2:$CJ$37,0),MATCH(V$1,Calcs!$B$1:$AB$1,0)),"") -> 14 | W11: =IFERROR(INDEX(Calcs!$B$2:$AB$37,MATCH($N11,Calcs!$CJ$2:$CJ$37,0),MATCH(W$1,Calcs!$B$1:$AB$1,0)),"") -> 9 | X11: =IFERROR(INDEX(Calcs!$B$2:$AB$37,MATCH($N11,Calcs!$CJ$2:$CJ$37,0),MATCH(X$1,Calcs!$B$1:$AB$1,0)),"") -> 5 | ... AQ11: =IFERROR(INDEX(Calcs!$B$2:$AB$37,MATCH($N11,Calcs!$CJ$2:$CJ$37,0),MATCH(AQ$1,Calcs!$B$1:$AB$1,0)),"") -> 96 | AS11: =INDEX(Calcs!A$2:A$37,MATCH($N11,Calcs!$CF$2:$CF$37,0)) -> Sporting Portugal | AU11: =INDEX(Calcs!$BZ$2:$BZ$37,MATCH($AS11,Calcs!$A$2:$A$37,0)) -> 10 | AV11: =COUNTIF($AU$2:$AU$37,$AU11) -> 1 | AW11: =AU11&"."&AV11 -> 10.1 | AZ11: =TablaEquipos[[#This Row],[Team]] -> Bodø/Glimt | BF11: =IF(OR(G11="",H11=""),"Pendiente",IF(G11>H11,"Local",IF(G11<H11,"Visitante","Empate"))) -> Local | BI11: =SUMIF(Calcs!$A$2:$A$37,League!BI3,Calcs!$I$2:$I$37)-INDEX($BA$2:$BA$37,MATCH(BI3,$AZ$2:$AZ$37,0)) -> 9 | BJ11: =SUMIF(Calcs!$A$2:$A$37,League!BJ3,Calcs!$I$2:$I$37)-INDEX($BA$2:$BA$37,MATCH(BJ3,$AZ$2:$AZ$37,0)) -> 8 | BK11: =SUMIF(Calcs!$A$2:$A$37,League!BK3,Calcs!$I$2:$I$37)-INDEX($BA$2:$BA$37,MATCH(BK3,$AZ$2:$AZ$37,0)) -> 7 | BL11: =SUMIF(Calcs!$A$2:$A$37,League!BL3,Calcs!$I$2:$I$37)-INDEX($BA$2:$BA$37,MATCH(BL3,$AZ$2:$AZ$37,0)) -> 11 | BM11: =SUMIF(Calcs!$A$2:$A$37,League!BM3,Calcs!$I$2:$I$37)-INDEX($BA$2:$BA$37,MATCH(BM3,$AZ$2:$AZ$37,0)) -> 4 | BN11: =SUMIF(Calcs!$A$2:$A$37,League!BN3,Calcs!$I$2:$I$37)-INDEX($BA$2:$BA$37,MATCH(BN3,$AZ$2:$AZ$37,0)) -> 13 | BO11: =SUMIF(Calcs!$A$2:$A$37,League!BO3,Calcs!$I$2:$I$37)-INDEX($BA$2:$BA$37,MATCH(BO3,$AZ$2:$AZ$37,0)) -> 8 | BP11: =SUMIF(Calcs!$A$2:$A$37,League!BP3,Calcs!$I$2:$I$37)-INDEX($BA$2:$BA$37,MATCH(BP3,$AZ$2:$AZ$37,0)) -> 6 | ... CR11: =SUMIF(Calcs!$A$2:$A$37,League!CR3,Calcs!$I$2:$I$37)-INDEX($BA$2:$BA$37,MATCH(CR3,$AZ$2:$AZ$37,0)) -> 12
A12: 1 | B12: =Horarios!C12 -> 45917.875 | C12: =Horarios!C12 -> 45917.875 | D12: Liverpool | E12: =INDEX(TablaEquipos[Badge],MATCH(D12,TablaEquipos[Team],0)) -> #VALUE! | G12: 3 | H12: 2 | J12: =INDEX(TablaEquipos[Badge],MATCH(K12,TablaEquipos[Team],0)) -> #VALUE! | K12: Atlético Madrid | N12: 11 | O12: =INDEX(TablaEquipos[],MATCH(P12,TablaEquipos[Team],0),MATCH($O$1,TablaEquipos[#Headers],0)) -> #VALUE! | P12: =IFERROR(INDEX(Calcs!A$2:A$37,MATCH($N12,Calcs!$CJ$2:$CJ$37,0)),"") -> Manchester City | Q12: =IFERROR(INDEX(Calcs!$B$2:$AB$37,MATCH($N12,Calcs!$CJ$2:$CJ$37,0),MATCH(Q$1,Calcs!$B$1:$AB$1,0)),"") -> 13 | R12: =IFERROR(INDEX(Calcs!$B$2:$AB$37,MATCH($N12,Calcs!$CJ$2:$CJ$37,0),MATCH(R$1,Calcs!$B$1:$AB$1,0)),"") -> 7 | S12: =IFERROR(INDEX(Calcs!$B$2:$AB$37,MATCH($N12,Calcs!$CJ$2:$CJ$37,0),MATCH(S$1,Calcs!$B$1:$AB$1,0)),"") -> 4 | T12: =IFERROR(INDEX(Calcs!$B$2:$AB$37,MATCH($N12,Calcs!$CJ$2:$CJ$37,0),MATCH(T$1,Calcs!$B$1:$AB$1,0)),"") -> 1 | U12: =IFERROR(INDEX(Calcs!$B$2:$AB$37,MATCH($N12,Calcs!$CJ$2:$CJ$37,0),MATCH(U$1,Calcs!$B$1:$AB$1,0)),"") -> 2 | V12: =IFERROR(INDEX(Calcs!$B$2:$AB$37,MATCH($N12,Calcs!$CJ$2:$CJ$37,0),MATCH(V$1,Calcs!$B$1:$AB$1,0)),"") -> 13 | W12: =IFERROR(INDEX(Calcs!$B$2:$AB$37,MATCH($N12,Calcs!$CJ$2:$CJ$37,0),MATCH(W$1,Calcs!$B$1:$AB$1,0)),"") -> 9 | X12: =IFERROR(INDEX(Calcs!$B$2:$AB$37,MATCH($N12,Calcs!$CJ$2:$CJ$37,0),MATCH(X$1,Calcs!$B$1:$AB$1,0)),"") -> 4 | ... AQ12: =IFERROR(INDEX(Calcs!$B$2:$AB$37,MATCH($N12,Calcs!$CJ$2:$CJ$37,0),MATCH(AQ$1,Calcs!$B$1:$AB$1,0)),"") -> 89 | AS12: =INDEX(Calcs!A$2:A$37,MATCH($N12,Calcs!$CF$2:$CF$37,0)) -> Manchester City | AU12: =INDEX(Calcs!$BZ$2:$BZ$37,MATCH($AS12,Calcs!$A$2:$A$37,0)) -> 11 | AV12: =COUNTIF($AU$2:$AU$37,$AU12) -> 1 | AW12: =AU12&"."&AV12 -> 11.1 | AZ12: =TablaEquipos[[#This Row],[Team]] -> Borussia Dortmund | BF12: =IF(OR(G12="",H12=""),"Pendiente",IF(G12>H12,"Local",IF(G12<H12,"Visitante","Empate"))) -> Local | BI12: =SUMIF(Calcs!$A$2:$A$37,League!BI4,Calcs!$I$2:$I$37)-INDEX($BA$2:$BA$37,MATCH(BI4,$AZ$2:$AZ$37,0)) -> 13 | BJ12: =SUMIF(Calcs!$A$2:$A$37,League!BJ4,Calcs!$I$2:$I$37)-INDEX($BA$2:$BA$37,MATCH(BJ4,$AZ$2:$AZ$37,0)) -> 13 | BK12: =SUMIF(Calcs!$A$2:$A$37,League!BK4,Calcs!$I$2:$I$37)-INDEX($BA$2:$BA$37,MATCH(BK4,$AZ$2:$AZ$37,0)) -> 3 | BL12: =SUMIF(Calcs!$A$2:$A$37,League!BL4,Calcs!$I$2:$I$37)-INDEX($BA$2:$BA$37,MATCH(BL4,$AZ$2:$AZ$37,0)) -> 10 | BM12: =SUMIF(Calcs!$A$2:$A$37,League!BM4,Calcs!$I$2:$I$37)-INDEX($BA$2:$BA$37,MATCH(BM4,$AZ$2:$AZ$37,0)) -> 21 | BN12: =SUMIF(Calcs!$A$2:$A$37,League!BN4,Calcs!$I$2:$I$37)-INDEX($BA$2:$BA$37,MATCH(BN4,$AZ$2:$AZ$37,0)) -> 8 | BO12: =SUMIF(Calcs!$A$2:$A$37,League!BO4,Calcs!$I$2:$I$37)-INDEX($BA$2:$BA$37,MATCH(BO4,$AZ$2:$AZ$37,0)) -> 13 | BP12: =SUMIF(Calcs!$A$2:$A$37,League!BP4,Calcs!$I$2:$I$37)-INDEX($BA$2:$BA$37,MATCH(BP4,$AZ$2:$AZ$37,0)) -> 7 | ... CR12: =SUMIF(Calcs!$A$2:$A$37,League!CR4,Calcs!$I$2:$I$37)-INDEX($BA$2:$BA$37,MATCH(CR4,$AZ$2:$AZ$37,0)) -> 13
A13: 1 | B13: =Horarios!C13 -> 45917.875 | C13: =Horarios!C13 -> 45917.875 | D13: PSG | E13: =INDEX(TablaEquipos[Badge],MATCH(D13,TablaEquipos[Team],0)) -> #VALUE! | G13: 4 | H13: 0 | J13: =INDEX(TablaEquipos[Badge],MATCH(K13,TablaEquipos[Team],0)) -> #VALUE! | K13: Atalanta | N13: 12 | O13: =INDEX(TablaEquipos[],MATCH(P13,TablaEquipos[Team],0),MATCH($O$1,TablaEquipos[#Headers],0)) -> #VALUE! | P13: =IFERROR(INDEX(Calcs!A$2:A$37,MATCH($N13,Calcs!$CJ$2:$CJ$37,0)),"") -> Atlético Madrid | Q13: =IFERROR(INDEX(Calcs!$B$2:$AB$37,MATCH($N13,Calcs!$CJ$2:$CJ$37,0),MATCH(Q$1,Calcs!$B$1:$AB$1,0)),"") -> 13 | R13: =IFERROR(INDEX(Calcs!$B$2:$AB$37,MATCH($N13,Calcs!$CJ$2:$CJ$37,0),MATCH(R$1,Calcs!$B$1:$AB$1,0)),"") -> 7 | S13: =IFERROR(INDEX(Calcs!$B$2:$AB$37,MATCH($N13,Calcs!$CJ$2:$CJ$37,0),MATCH(S$1,Calcs!$B$1:$AB$1,0)),"") -> 4 | T13: =IFERROR(INDEX(Calcs!$B$2:$AB$37,MATCH($N13,Calcs!$CJ$2:$CJ$37,0),MATCH(T$1,Calcs!$B$1:$AB$1,0)),"") -> 1 | U13: =IFERROR(INDEX(Calcs!$B$2:$AB$37,MATCH($N13,Calcs!$CJ$2:$CJ$37,0),MATCH(U$1,Calcs!$B$1:$AB$1,0)),"") -> 2 | V13: =IFERROR(INDEX(Calcs!$B$2:$AB$37,MATCH($N13,Calcs!$CJ$2:$CJ$37,0),MATCH(V$1,Calcs!$B$1:$AB$1,0)),"") -> 16 | W13: =IFERROR(INDEX(Calcs!$B$2:$AB$37,MATCH($N13,Calcs!$CJ$2:$CJ$37,0),MATCH(W$1,Calcs!$B$1:$AB$1,0)),"") -> 13 | X13: =IFERROR(INDEX(Calcs!$B$2:$AB$37,MATCH($N13,Calcs!$CJ$2:$CJ$37,0),MATCH(X$1,Calcs!$B$1:$AB$1,0)),"") -> 3 | ... AQ13: =IFERROR(INDEX(Calcs!$B$2:$AB$37,MATCH($N13,Calcs!$CJ$2:$CJ$37,0),MATCH(AQ$1,Calcs!$B$1:$AB$1,0)),"") -> 100 | AS13: =INDEX(Calcs!A$2:A$37,MATCH($N13,Calcs!$CF$2:$CF$37,0)) -> Atlético Madrid | AU13: =INDEX(Calcs!$BZ$2:$BZ$37,MATCH($AS13,Calcs!$A$2:$A$37,0)) -> 12 | AV13: =COUNTIF($AU$2:$AU$37,$AU13) -> 1 | AW13: =AU13&"."&AV13 -> 12.1 | AZ13: =TablaEquipos[[#This Row],[Team]] -> Brugge | BF13: =IF(OR(G13="",H13=""),"Pendiente",IF(G13>H13,"Local",IF(G13<H13,"Visitante","Empate"))) -> Local | BI13: =SUMIF(Calcs!$A$2:$A$37,League!BI5,Calcs!$I$2:$I$37)-INDEX($BA$2:$BA$37,MATCH(BI5,$AZ$2:$AZ$37,0)) -> 10 | BJ13: =SUMIF(Calcs!$A$2:$A$37,League!BJ5,Calcs!$I$2:$I$37)-INDEX($BA$2:$BA$37,MATCH(BJ5,$AZ$2:$AZ$37,0)) -> 3 | BK13: =SUMIF(Calcs!$A$2:$A$37,League!BK5,Calcs!$I$2:$I$37)-INDEX($BA$2:$BA$37,MATCH(BK5,$AZ$2:$AZ$37,0)) -> 9 | BL13: =SUMIF(Calcs!$A$2:$A$37,League!BL5,Calcs!$I$2:$I$37)-INDEX($BA$2:$BA$37,MATCH(BL5,$AZ$2:$AZ$37,0)) -> 13 | BM13: =SUMIF(Calcs!$A$2:$A$37,League!BM5,Calcs!$I$2:$I$37)-INDEX($BA$2:$BA$37,MATCH(BM5,$AZ$2:$AZ$37,0)) -> 6 | BN13: =SUMIF(Calcs!$A$2:$A$37,League!BN5,Calcs!$I$2:$I$37)-INDEX($BA$2:$BA$37,MATCH(BN5,$AZ$2:$AZ$37,0)) -> 7 | BO13: =SUMIF(Calcs!$A$2:$A$37,League!BO5,Calcs!$I$2:$I$37)-INDEX($BA$2:$BA$37,MATCH(BO5,$AZ$2:$AZ$37,0)) -> 6 | BP13: =SUMIF(Calcs!$A$2:$A$37,League!BP5,Calcs!$I$2:$I$37)-INDEX($BA$2:$BA$37,MATCH(BP5,$AZ$2:$AZ$37,0)) -> 13 | ... CR13: =SUMIF(Calcs!$A$2:$A$37,League!CR5,Calcs!$I$2:$I$37)-INDEX($BA$2:$BA$37,MATCH(CR5,$AZ$2:$AZ$37,0)) -> 6
A14: 1 | B14: =Horarios!C14 -> 45918.781 | C14: =Horarios!C14 -> 45918.781 | D14: Brugge | E14: =INDEX(TablaEquipos[Badge],MATCH(D14,TablaEquipos[Team],0)) -> #VALUE! | G14: 4 | H14: 1 | J14: #VALUE! | K14: Monaco | N14: 13 | O14: =INDEX(TablaEquipos[],MATCH(P14,TablaEquipos[Team],0),MATCH($O$1,TablaEquipos[#Headers],0)) -> #VALUE! | P14: =IFERROR(INDEX(Calcs!A$2:A$37,MATCH($N14,Calcs!$CJ$2:$CJ$37,0)),"") -> Atalanta | Q14: =IFERROR(INDEX(Calcs!$B$2:$AB$37,MATCH($N14,Calcs!$CJ$2:$CJ$37,0),MATCH(Q$1,Calcs!$B$1:$AB$1,0)),"") -> 13 | R14: =IFERROR(INDEX(Calcs!$B$2:$AB$37,MATCH($N14,Calcs!$CJ$2:$CJ$37,0),MATCH(R$1,Calcs!$B$1:$AB$1,0)),"") -> 7 | S14: =IFERROR(INDEX(Calcs!$B$2:$AB$37,MATCH($N14,Calcs!$CJ$2:$CJ$37,0),MATCH(S$1,Calcs!$B$1:$AB$1,0)),"") -> 4 | T14: =IFERROR(INDEX(Calcs!$B$2:$AB$37,MATCH($N14,Calcs!$CJ$2:$CJ$37,0),MATCH(T$1,Calcs!$B$1:$AB$1,0)),"") -> 1 | U14: =IFERROR(INDEX(Calcs!$B$2:$AB$37,MATCH($N14,Calcs!$CJ$2:$CJ$37,0),MATCH(U$1,Calcs!$B$1:$AB$1,0)),"") -> 2 | V14: =IFERROR(INDEX(Calcs!$B$2:$AB$37,MATCH($N14,Calcs!$CJ$2:$CJ$37,0),MATCH(V$1,Calcs!$B$1:$AB$1,0)),"") -> 10 | W14: =IFERROR(INDEX(Calcs!$B$2:$AB$37,MATCH($N14,Calcs!$CJ$2:$CJ$37,0),MATCH(W$1,Calcs!$B$1:$AB$1,0)),"") -> 9 | X14: =IFERROR(INDEX(Calcs!$B$2:$AB$37,MATCH($N14,Calcs!$CJ$2:$CJ$37,0),MATCH(X$1,Calcs!$B$1:$AB$1,0)),"") -> 1 | ... AQ14: =IFERROR(INDEX(Calcs!$B$2:$AB$37,MATCH($N14,Calcs!$CJ$2:$CJ$37,0),MATCH(AQ$1,Calcs!$B$1:$AB$1,0)),"") -> 85 | AS14: =INDEX(Calcs!A$2:A$37,MATCH($N14,Calcs!$CF$2:$CF$37,0)) -> Atalanta | AU14: =INDEX(Calcs!$BZ$2:$BZ$37,MATCH($AS14,Calcs!$A$2:$A$37,0)) -> 13 | AV14: =COUNTIF($AU$2:$AU$37,$AU14) -> 1 | AW14: =AU14&"."&AV14 -> 13.1 | AZ14: =TablaEquipos[[#This Row],[Team]] -> Chelsea | BF14: =IF(OR(G14="",H14=""),"Pendiente",IF(G14>H14,"Local",IF(G14<H14,"Visitante","Empate"))) -> Local | BI14: =SUMIF(Calcs!$A$2:$A$37,League!BI6,Calcs!$I$2:$I$37)-INDEX($BA$2:$BA$37,MATCH(BI6,$AZ$2:$AZ$37,0)) -> 6 | BJ14: =SUMIF(Calcs!$A$2:$A$37,League!BJ6,Calcs!$I$2:$I$37)-INDEX($BA$2:$BA$37,MATCH(BJ6,$AZ$2:$AZ$37,0)) -> 18 | BK14: =SUMIF(Calcs!$A$2:$A$37,League!BK6,Calcs!$I$2:$I$37)-INDEX($BA$2:$BA$37,MATCH(BK6,$AZ$2:$AZ$37,0)) -> 4 | BL14: =SUMIF(Calcs!$A$2:$A$37,League!BL6,Calcs!$I$2:$I$37)-INDEX($BA$2:$BA$37,MATCH(BL6,$AZ$2:$AZ$37,0)) -> 3 | BM14: =SUMIF(Calcs!$A$2:$A$37,League!BM6,Calcs!$I$2:$I$37)-INDEX($BA$2:$BA$37,MATCH(BM6,$AZ$2:$AZ$37,0)) -> 12 | BN14: =SUMIF(Calcs!$A$2:$A$37,League!BN6,Calcs!$I$2:$I$37)-INDEX($BA$2:$BA$37,MATCH(BN6,$AZ$2:$AZ$37,0)) -> 13 | BO14: =SUMIF(Calcs!$A$2:$A$37,League!BO6,Calcs!$I$2:$I$37)-INDEX($BA$2:$BA$37,MATCH(BO6,$AZ$2:$AZ$37,0)) -> 13 | BP14: =SUMIF(Calcs!$A$2:$A$37,League!BP6,Calcs!$I$2:$I$37)-INDEX($BA$2:$BA$37,MATCH(BP6,$AZ$2:$AZ$37,0)) -> 21 | ... CR14: =SUMIF(Calcs!$A$2:$A$37,League!CR6,Calcs!$I$2:$I$37)-INDEX($BA$2:$BA$37,MATCH(CR6,$AZ$2:$AZ$37,0)) -> 11
A15: 1 | B15: =Horarios!C15 -> 45918.781 | C15: =Horarios!C15 -> 45918.781 | D15: Copenhagen | E15: =INDEX(TablaEquipos[Badge],MATCH(D15,TablaEquipos[Team],0)) -> #VALUE! | G15: 2 | H15: 2 | J15: =INDEX(TablaEquipos[Badge],MATCH(K15,TablaEquipos[Team],0)) -> #VALUE! | K15: Bayer Leverkusen | N15: 14 | O15: =INDEX(TablaEquipos[],MATCH(P15,TablaEquipos[Team],0),MATCH($O$1,TablaEquipos[#Headers],0)) -> #VALUE! | P15: =IFERROR(INDEX(Calcs!A$2:A$37,MATCH($N15,Calcs!$CJ$2:$CJ$37,0)),"") -> Inter Milan | Q15: =IFERROR(INDEX(Calcs!$B$2:$AB$37,MATCH($N15,Calcs!$CJ$2:$CJ$37,0),MATCH(Q$1,Calcs!$B$1:$AB$1,0)),"") -> 12 | R15: =IFERROR(INDEX(Calcs!$B$2:$AB$37,MATCH($N15,Calcs!$CJ$2:$CJ$37,0),MATCH(R$1,Calcs!$B$1:$AB$1,0)),"") -> 7 | S15: =IFERROR(INDEX(Calcs!$B$2:$AB$37,MATCH($N15,Calcs!$CJ$2:$CJ$37,0),MATCH(S$1,Calcs!$B$1:$AB$1,0)),"") -> 4 | T15: =IFERROR(INDEX(Calcs!$B$2:$AB$37,MATCH($N15,Calcs!$CJ$2:$CJ$37,0),MATCH(T$1,Calcs!$B$1:$AB$1,0)),"") -> 0 | U15: =IFERROR(INDEX(Calcs!$B$2:$AB$37,MATCH($N15,Calcs!$CJ$2:$CJ$37,0),MATCH(U$1,Calcs!$B$1:$AB$1,0)),"") -> 3 | V15: =IFERROR(INDEX(Calcs!$B$2:$AB$37,MATCH($N15,Calcs!$CJ$2:$CJ$37,0),MATCH(V$1,Calcs!$B$1:$AB$1,0)),"") -> 13 | W15: =IFERROR(INDEX(Calcs!$B$2:$AB$37,MATCH($N15,Calcs!$CJ$2:$CJ$37,0),MATCH(W$1,Calcs!$B$1:$AB$1,0)),"") -> 7 | X15: =IFERROR(INDEX(Calcs!$B$2:$AB$37,MATCH($N15,Calcs!$CJ$2:$CJ$37,0),MATCH(X$1,Calcs!$B$1:$AB$1,0)),"") -> 6 | ... AQ15: =IFERROR(INDEX(Calcs!$B$2:$AB$37,MATCH($N15,Calcs!$CJ$2:$CJ$37,0),MATCH(AQ$1,Calcs!$B$1:$AB$1,0)),"") -> 92 | AS15: =INDEX(Calcs!A$2:A$37,MATCH($N15,Calcs!$CF$2:$CF$37,0)) -> Inter Milan | AU15: =INDEX(Calcs!$BZ$2:$BZ$37,MATCH($AS15,Calcs!$A$2:$A$37,0)) -> 14 | AV15: =COUNTIF($AU$2:$AU$37,$AU15) -> 1 | AW15: =AU15&"."&AV15 -> 14.1 | AZ15: =TablaEquipos[[#This Row],[Team]] -> Copenhagen | BF15: =IF(OR(G15="",H15=""),"Pendiente",IF(G15>H15,"Local",IF(G15<H15,"Visitante","Empate"))) -> Empate | BI15: =SUMIF(Calcs!$A$2:$A$37,League!BI7,Calcs!$I$2:$I$37)-INDEX($BA$2:$BA$37,MATCH(BI7,$AZ$2:$AZ$37,0)) -> 10 | BJ15: =SUMIF(Calcs!$A$2:$A$37,League!BJ7,Calcs!$I$2:$I$37)-INDEX($BA$2:$BA$37,MATCH(BJ7,$AZ$2:$AZ$37,0)) -> 7 | BK15: =SUMIF(Calcs!$A$2:$A$37,League!BK7,Calcs!$I$2:$I$37)-INDEX($BA$2:$BA$37,MATCH(BK7,$AZ$2:$AZ$37,0)) -> 13 | BL15: =SUMIF(Calcs!$A$2:$A$37,League!BL7,Calcs!$I$2:$I$37)-INDEX($BA$2:$BA$37,MATCH(BL7,$AZ$2:$AZ$37,0)) -> 13 | BM15: =SUMIF(Calcs!$A$2:$A$37,League!BM7,Calcs!$I$2:$I$37)-INDEX($BA$2:$BA$37,MATCH(BM7,$AZ$2:$AZ$37,0)) -> 8 | BN15: =SUMIF(Calcs!$A$2:$A$37,League!BN7,Calcs!$I$2:$I$37)-INDEX($BA$2:$BA$37,MATCH(BN7,$AZ$2:$AZ$37,0)) -> 4 | BO15: =SUMIF(Calcs!$A$2:$A$37,League!BO7,Calcs!$I$2:$I$37)-INDEX($BA$2:$BA$37,MATCH(BO7,$AZ$2:$AZ$37,0)) -> 13 | BP15: =SUMIF(Calcs!$A$2:$A$37,League!BP7,Calcs!$I$2:$I$37)-INDEX($BA$2:$BA$37,MATCH(BP7,$AZ$2:$AZ$37,0)) -> 13 | ... CR15: =SUMIF(Calcs!$A$2:$A$37,League!CR7,Calcs!$I$2:$I$37)-INDEX($BA$2:$BA$37,MATCH(CR7,$AZ$2:$AZ$37,0)) -> 8
A16: 1 | B16: =Horarios!C16 -> 45918.875 | C16: =Horarios!C16 -> 45918.875 | D16: Eintracht Frankfurt | E16: =INDEX(TablaEquipos[Badge],MATCH(D16,TablaEquipos[Team],0)) -> #VALUE! | G16: 5 | H16: 1 | J16: =INDEX(TablaEquipos[Badge],MATCH(K16,TablaEquipos[Team],0)) -> #VALUE! | K16: Galatasaray | N16: 15 | O16: =INDEX(TablaEquipos[],MATCH(P16,TablaEquipos[Team],0),MATCH($O$1,TablaEquipos[#Headers],0)) -> #VALUE! | P16: =IFERROR(INDEX(Calcs!A$2:A$37,MATCH($N16,Calcs!$CJ$2:$CJ$37,0)),"") -> Juventus | Q16: =IFERROR(INDEX(Calcs!$B$2:$AB$37,MATCH($N16,Calcs!$CJ$2:$CJ$37,0),MATCH(Q$1,Calcs!$B$1:$AB$1,0)),"") -> 12 | R16: =IFERROR(INDEX(Calcs!$B$2:$AB$37,MATCH($N16,Calcs!$CJ$2:$CJ$37,0),MATCH(R$1,Calcs!$B$1:$AB$1,0)),"") -> 7 | S16: =IFERROR(INDEX(Calcs!$B$2:$AB$37,MATCH($N16,Calcs!$CJ$2:$CJ$37,0),MATCH(S$1,Calcs!$B$1:$AB$1,0)),"") -> 3 | T16: =IFERROR(INDEX(Calcs!$B$2:$AB$37,MATCH($N16,Calcs!$CJ$2:$CJ$37,0),MATCH(T$1,Calcs!$B$1:$AB$1,0)),"") -> 3 | U16: =IFERROR(INDEX(Calcs!$B$2:$AB$37,MATCH($N16,Calcs!$CJ$2:$CJ$37,0),MATCH(U$1,Calcs!$B$1:$AB$1,0)),"") -> 1 | V16: =IFERROR(INDEX(Calcs!$B$2:$AB$37,MATCH($N16,Calcs!$CJ$2:$CJ$37,0),MATCH(V$1,Calcs!$B$1:$AB$1,0)),"") -> 14 | W16: =IFERROR(INDEX(Calcs!$B$2:$AB$37,MATCH($N16,Calcs!$CJ$2:$CJ$37,0),MATCH(W$1,Calcs!$B$1:$AB$1,0)),"") -> 10 | X16: =IFERROR(INDEX(Calcs!$B$2:$AB$37,MATCH($N16,Calcs!$CJ$2:$CJ$37,0),MATCH(X$1,Calcs!$B$1:$AB$1,0)),"") -> 4 | ... AQ16: =IFERROR(INDEX(Calcs!$B$2:$AB$37,MATCH($N16,Calcs!$CJ$2:$CJ$37,0),MATCH(AQ$1,Calcs!$B$1:$AB$1,0)),"") -> 87 | AS16: =INDEX(Calcs!A$2:A$37,MATCH($N16,Calcs!$CF$2:$CF$37,0)) -> Juventus | AU16: =INDEX(Calcs!$BZ$2:$BZ$37,MATCH($AS16,Calcs!$A$2:$A$37,0)) -> 15 | AV16: =COUNTIF($AU$2:$AU$37,$AU16) -> 1 | AW16: =AU16&"."&AV16 -> 15.1 | AZ16: =TablaEquipos[[#This Row],[Team]] -> Eintracht Frankfurt | BF16: =IF(OR(G16="",H16=""),"Pendiente",IF(G16>H16,"Local",IF(G16<H16,"Visitante","Empate"))) -> Local | BI16: =SUMIF(Calcs!$A$2:$A$37,League!BI8,Calcs!$I$2:$I$37)-INDEX($BA$2:$BA$37,MATCH(BI8,$AZ$2:$AZ$37,0)) -> 1 | BJ16: =SUMIF(Calcs!$A$2:$A$37,League!BJ8,Calcs!$I$2:$I$37)-INDEX($BA$2:$BA$37,MATCH(BJ8,$AZ$2:$AZ$37,0)) -> 12 | BK16: =SUMIF(Calcs!$A$2:$A$37,League!BK8,Calcs!$I$2:$I$37)-INDEX($BA$2:$BA$37,MATCH(BK8,$AZ$2:$AZ$37,0)) -> 8 | BL16: =SUMIF(Calcs!$A$2:$A$37,League!BL8,Calcs!$I$2:$I$37)-INDEX($BA$2:$BA$37,MATCH(BL8,$AZ$2:$AZ$37,0)) -> 13 | BM16: =SUMIF(Calcs!$A$2:$A$37,League!BM8,Calcs!$I$2:$I$37)-INDEX($BA$2:$BA$37,MATCH(BM8,$AZ$2:$AZ$37,0)) -> 10 | BN16: =SUMIF(Calcs!$A$2:$A$37,League!BN8,Calcs!$I$2:$I$37)-INDEX($BA$2:$BA$37,MATCH(BN8,$AZ$2:$AZ$37,0)) -> 3 | BO16: =SUMIF(Calcs!$A$2:$A$37,League!BO8,Calcs!$I$2:$I$37)-INDEX($BA$2:$BA$37,MATCH(BO8,$AZ$2:$AZ$37,0)) -> 8 | BP16: =SUMIF(Calcs!$A$2:$A$37,League!BP8,Calcs!$I$2:$I$37)-INDEX($BA$2:$BA$37,MATCH(BP8,$AZ$2:$AZ$37,0)) -> 6 | ... CR16: =SUMIF(Calcs!$A$2:$A$37,League!CR8,Calcs!$I$2:$I$37)-INDEX($BA$2:$BA$37,MATCH(CR8,$AZ$2:$AZ$37,0)) -> 6
A17: 1 | B17: =Horarios!C17 -> 45918.875 | C17: =Horarios!C17 -> 45918.875 | D17: Manchester City | E17: =INDEX(TablaEquipos[Badge],MATCH(D17,TablaEquipos[Team],0)) -> #VALUE! | G17: 2 | H17: 0 | J17: =INDEX(TablaEquipos[Badge],MATCH(K17,TablaEquipos[Team],0)) -> #VALUE! | K17: Napoli | N17: 16 | O17: =INDEX(TablaEquipos[],MATCH(P17,TablaEquipos[Team],0),MATCH($O$1,TablaEquipos[#Headers],0)) -> #VALUE! | P17: =IFERROR(INDEX(Calcs!A$2:A$37,MATCH($N17,Calcs!$CJ$2:$CJ$37,0)),"") -> Borussia Dortmund | Q17: =IFERROR(INDEX(Calcs!$B$2:$AB$37,MATCH($N17,Calcs!$CJ$2:$CJ$37,0),MATCH(Q$1,Calcs!$B$1:$AB$1,0)),"") -> 11 | R17: =IFERROR(INDEX(Calcs!$B$2:$AB$37,MATCH($N17,Calcs!$CJ$2:$CJ$37,0),MATCH(R$1,Calcs!$B$1:$AB$1,0)),"") -> 7 | S17: =IFERROR(INDEX(Calcs!$B$2:$AB$37,MATCH($N17,Calcs!$CJ$2:$CJ$37,0),MATCH(S$1,Calcs!$B$1:$AB$1,0)),"") -> 3 | T17: =IFERROR(INDEX(Calcs!$B$2:$AB$37,MATCH($N17,Calcs!$CJ$2:$CJ$37,0),MATCH(T$1,Calcs!$B$1:$AB$1,0)),"") -> 2 | U17: =IFERROR(INDEX(Calcs!$B$2:$AB$37,MATCH($N17,Calcs!$CJ$2:$CJ$37,0),MATCH(U$1,Calcs!$B$1:$AB$1,0)),"") -> 2 | V17: =IFERROR(INDEX(Calcs!$B$2:$AB$37,MATCH($N17,Calcs!$CJ$2:$CJ$37,0),MATCH(V$1,Calcs!$B$1:$AB$1,0)),"") -> 19 | W17: =IFERROR(INDEX(Calcs!$B$2:$AB$37,MATCH($N17,Calcs!$CJ$2:$CJ$37,0),MATCH(W$1,Calcs!$B$1:$AB$1,0)),"") -> 15 | X17: =IFERROR(INDEX(Calcs!$B$2:$AB$37,MATCH($N17,Calcs!$CJ$2:$CJ$37,0),MATCH(X$1,Calcs!$B$1:$AB$1,0)),"") -> 4 | ... AQ17: =IFERROR(INDEX(Calcs!$B$2:$AB$37,MATCH($N17,Calcs!$CJ$2:$CJ$37,0),MATCH(AQ$1,Calcs!$B$1:$AB$1,0)),"") -> 90 | AS17: =INDEX(Calcs!A$2:A$37,MATCH($N17,Calcs!$CF$2:$CF$37,0)) -> Borussia Dortmund | AU17: =INDEX(Calcs!$BZ$2:$BZ$37,MATCH($AS17,Calcs!$A$2:$A$37,0)) -> 16 | AV17: =COUNTIF($AU$2:$AU$37,$AU17) -> 1 | AW17: =AU17&"."&AV17 -> 16.1 | AZ17: =TablaEquipos[[#This Row],[Team]] -> Galatasaray | BF17: =IF(OR(G17="",H17=""),"Pendiente",IF(G17>H17,"Local",IF(G17<H17,"Visitante","Empate"))) -> Local | BI17: =SUMIF(Calcs!$A$2:$A$37,League!BI9,Calcs!$I$2:$I$37)-INDEX($BA$2:$BA$37,MATCH(BI9,$AZ$2:$AZ$37,0)) -> 8 | BJ17: =SUMIF(Calcs!$A$2:$A$37,League!BJ9,Calcs!$I$2:$I$37)-INDEX($BA$2:$BA$37,MATCH(BJ9,$AZ$2:$AZ$37,0)) -> 1 | BK17: =SUMIF(Calcs!$A$2:$A$37,League!BK9,Calcs!$I$2:$I$37)-INDEX($BA$2:$BA$37,MATCH(BK9,$AZ$2:$AZ$37,0)) -> 6 | BL17: =SUMIF(Calcs!$A$2:$A$37,League!BL9,Calcs!$I$2:$I$37)-INDEX($BA$2:$BA$37,MATCH(BL9,$AZ$2:$AZ$37,0)) -> 13 | BM17: =SUMIF(Calcs!$A$2:$A$37,League!BM9,Calcs!$I$2:$I$37)-INDEX($BA$2:$BA$37,MATCH(BM9,$AZ$2:$AZ$37,0)) -> 6 | BN17: =SUMIF(Calcs!$A$2:$A$37,League!BN9,Calcs!$I$2:$I$37)-INDEX($BA$2:$BA$37,MATCH(BN9,$AZ$2:$AZ$37,0)) -> 8 | BO17: =SUMIF(Calcs!$A$2:$A$37,League!BO9,Calcs!$I$2:$I$37)-INDEX($BA$2:$BA$37,MATCH(BO9,$AZ$2:$AZ$37,0)) -> 1 | BP17: =SUMIF(Calcs!$A$2:$A$37,League!BP9,Calcs!$I$2:$I$37)-INDEX($BA$2:$BA$37,MATCH(BP9,$AZ$2:$AZ$37,0)) -> 8 | ... CR17: =SUMIF(Calcs!$A$2:$A$37,League!CR9,Calcs!$I$2:$I$37)-INDEX($BA$2:$BA$37,MATCH(CR9,$AZ$2:$AZ$37,0)) -> 9
A18: 1 | B18: =Horarios!C18 -> 45918.875 | C18: =Horarios!C18 -> 45918.875 | D18: Newcastle | E18: =INDEX(TablaEquipos[Badge],MATCH(D18,TablaEquipos[Team],0)) -> #VALUE! | G18: 1 | H18: 2 | J18: =INDEX(TablaEquipos[Badge],MATCH(K18,TablaEquipos[Team],0)) -> #VALUE! | K18: Barcelona | N18: 17 | O18: =INDEX(TablaEquipos[],MATCH(P18,TablaEquipos[Team],0),MATCH($O$1,TablaEquipos[#Headers],0)) -> #VALUE! | P18: =IFERROR(INDEX(Calcs!A$2:A$37,MATCH($N18,Calcs!$CJ$2:$CJ$37,0)),"") -> Galatasaray | Q18: =IFERROR(INDEX(Calcs!$B$2:$AB$37,MATCH($N18,Calcs!$CJ$2:$CJ$37,0),MATCH(Q$1,Calcs!$B$1:$AB$1,0)),"") -> 10 | R18: =IFERROR(INDEX(Calcs!$B$2:$AB$37,MATCH($N18,Calcs!$CJ$2:$CJ$37,0),MATCH(R$1,Calcs!$B$1:$AB$1,0)),"") -> 7 | S18: =IFERROR(INDEX(Calcs!$B$2:$AB$37,MATCH($N18,Calcs!$CJ$2:$CJ$37,0),MATCH(S$1,Calcs!$B$1:$AB$1,0)),"") -> 3 | T18: =IFERROR(INDEX(Calcs!$B$2:$AB$37,MATCH($N18,Calcs!$CJ$2:$CJ$37,0),MATCH(T$1,Calcs!$B$1:$AB$1,0)),"") -> 1 | U18: =IFERROR(INDEX(Calcs!$B$2:$AB$37,MATCH($N18,Calcs!$CJ$2:$CJ$37,0),MATCH(U$1,Calcs!$B$1:$AB$1,0)),"") -> 3 | V18: =IFERROR(INDEX(Calcs!$B$2:$AB$37,MATCH($N18,Calcs!$CJ$2:$CJ$37,0),MATCH(V$1,Calcs!$B$1:$AB$1,0)),"") -> 9 | W18: =IFERROR(INDEX(Calcs!$B$2:$AB$37,MATCH($N18,Calcs!$CJ$2:$CJ$37,0),MATCH(W$1,Calcs!$B$1:$AB$1,0)),"") -> 9 | X18: =IFERROR(INDEX(Calcs!$B$2:$AB$37,MATCH($N18,Calcs!$CJ$2:$CJ$37,0),MATCH(X$1,Calcs!$B$1:$AB$1,0)),"") -> 0 | ... AQ18: =IFERROR(INDEX(Calcs!$B$2:$AB$37,MATCH($N18,Calcs!$CJ$2:$CJ$37,0),MATCH(AQ$1,Calcs!$B$1:$AB$1,0)),"") -> 87 | AS18: =INDEX(Calcs!A$2:A$37,MATCH($N18,Calcs!$CF$2:$CF$37,0)) -> Galatasaray | AU18: =INDEX(Calcs!$BZ$2:$BZ$37,MATCH($AS18,Calcs!$A$2:$A$37,0)) -> 17 | AV18: =COUNTIF($AU$2:$AU$37,$AU18) -> 1 | AW18: =AU18&"."&AV18 -> 17.1 | AZ18: =TablaEquipos[[#This Row],[Team]] -> Inter Milan | BF18: =IF(OR(G18="",H18=""),"Pendiente",IF(G18>H18,"Local",IF(G18<H18,"Visitante","Empate"))) -> Visitante | BH18: Puntos Oponentes | BI18: =SUM(BI10:BI17) -> 69 | BJ18: =SUM(BJ10:BJ17) -> 70 | BK18: =SUM(BK10:BK17) -> 63 | BL18: =SUM(BL10:BL17) -> 97 | BM18: =SUM(BM10:BM17) -> 82 | BN18: =SUM(BN10:BN17) -> 69 | BO18: =SUM(BO10:BO17) -> 70 | BP18: =SUM(BP10:BP17) -> 87 | ... CR18: =SUM(CR10:CR17) -> 79
A19: 1 | B19: =Horarios!C19 -> 45918.875 | C19: =Horarios!C19 -> 45918.875 | D19: Sporting Portugal | E19: =INDEX(TablaEquipos[Badge],MATCH(D19,TablaEquipos[Team],0)) -> #VALUE! | G19: 4 | H19: 1 | J19: =INDEX(TablaEquipos[Badge],MATCH(K19,TablaEquipos[Team],0)) -> #VALUE! | K19: Kairat Almaty | N19: 18 | O19: =INDEX(TablaEquipos[],MATCH(P19,TablaEquipos[Team],0),MATCH($O$1,TablaEquipos[#Headers],0)) -> #VALUE! | P19: =IFERROR(INDEX(Calcs!A$2:A$37,MATCH($N19,Calcs!$CJ$2:$CJ$37,0)),"") -> Qarabağ | Q19: =IFERROR(INDEX(Calcs!$B$2:$AB$37,MATCH($N19,Calcs!$CJ$2:$CJ$37,0),MATCH(Q$1,Calcs!$B$1:$AB$1,0)),"") -> 10 | R19: =IFERROR(INDEX(Calcs!$B$2:$AB$37,MATCH($N19,Calcs!$CJ$2:$CJ$37,0),MATCH(R$1,Calcs!$B$1:$AB$1,0)),"") -> 7 | S19: =IFERROR(INDEX(Calcs!$B$2:$AB$37,MATCH($N19,Calcs!$CJ$2:$CJ$37,0),MATCH(S$1,Calcs!$B$1:$AB$1,0)),"") -> 3 | T19: =IFERROR(INDEX(Calcs!$B$2:$AB$37,MATCH($N19,Calcs!$CJ$2:$CJ$37,0),MATCH(T$1,Calcs!$B$1:$AB$1,0)),"") -> 1 | U19: =IFERROR(INDEX(Calcs!$B$2:$AB$37,MATCH($N19,Calcs!$CJ$2:$CJ$37,0),MATCH(U$1,Calcs!$B$1:$AB$1,0)),"") -> 3 | V19: =IFERROR(INDEX(Calcs!$B$2:$AB$37,MATCH($N19,Calcs!$CJ$2:$CJ$37,0),MATCH(V$1,Calcs!$B$1:$AB$1,0)),"") -> 13 | W19: =IFERROR(INDEX(Calcs!$B$2:$AB$37,MATCH($N19,Calcs!$CJ$2:$CJ$37,0),MATCH(W$1,Calcs!$B$1:$AB$1,0)),"") -> 15 | X19: =IFERROR(INDEX(Calcs!$B$2:$AB$37,MATCH($N19,Calcs!$CJ$2:$CJ$37,0),MATCH(X$1,Calcs!$B$1:$AB$1,0)),"") -> -2 | ... AQ19: =IFERROR(INDEX(Calcs!$B$2:$AB$37,MATCH($N19,Calcs!$CJ$2:$CJ$37,0),MATCH(AQ$1,Calcs!$B$1:$AB$1,0)),"") -> 76 | AS19: =INDEX(Calcs!A$2:A$37,MATCH($N19,Calcs!$CF$2:$CF$37,0)) -> Qarabağ | AU19: =INDEX(Calcs!$BZ$2:$BZ$37,MATCH($AS19,Calcs!$A$2:$A$37,0)) -> 18 | AV19: =COUNTIF($AU$2:$AU$37,$AU19) -> 1 | AW19: =AU19&"."&AV19 -> 18.1 | AZ19: =TablaEquipos[[#This Row],[Team]] -> Juventus | BF19: =IF(OR(G19="",H19=""),"Pendiente",IF(G19>H19,"Local",IF(G19<H19,"Visitante","Empate"))) -> Local | BH19: DG | BI19: =SUMIF(Calcs!$A$2:$A$37,League!BI2,Calcs!$H$2:$H$37) -> 6 | BJ19: =SUMIF(Calcs!$A$2:$A$37,League!BJ2,Calcs!$H$2:$H$37) -> -4 | BK19: =SUMIF(Calcs!$A$2:$A$37,League!BK2,Calcs!$H$2:$H$37) -> 10 | BL19: =SUMIF(Calcs!$A$2:$A$37,League!BL2,Calcs!$H$2:$H$37) -> 18 | BM19: =SUMIF(Calcs!$A$2:$A$37,League!BM2,Calcs!$H$2:$H$37) -> 6 | BN19: =SUMIF(Calcs!$A$2:$A$37,League!BN2,Calcs!$H$2:$H$37) -> 10 | BO19: =SUMIF(Calcs!$A$2:$A$37,League!BO2,Calcs!$H$2:$H$37) -> -6 | BP19: =SUMIF(Calcs!$A$2:$A$37,League!BP2,Calcs!$H$2:$H$37) -> 6 | ... CR19: =SUMIF(Calcs!$A$2:$A$37,League!CR2,Calcs!$H$2:$H$37) -> 8
A20: 2 | B20: =Horarios!C20 -> 45930.781 | C20: =Horarios!C20 -> 45930.781 | D20: Atalanta | E20: =INDEX(TablaEquipos[Badge],MATCH(D20,TablaEquipos[Team],0)) -> #VALUE! | G20: 2 | H20: 1 | J20: =INDEX(TablaEquipos[Badge],MATCH(K20,TablaEquipos[Team],0)) -> #VALUE! | K20: Brugge | L20: ^ | N20: 19 | O20: =INDEX(TablaEquipos[],MATCH(P20,TablaEquipos[Team],0),MATCH($O$1,TablaEquipos[#Headers],0)) -> #VALUE! | P20: =IFERROR(INDEX(Calcs!A$2:A$37,MATCH($N20,Calcs!$CJ$2:$CJ$37,0)),"") -> Marseille | Q20: =IFERROR(INDEX(Calcs!$B$2:$AB$37,MATCH($N20,Calcs!$CJ$2:$CJ$37,0),MATCH(Q$1,Calcs!$B$1:$AB$1,0)),"") -> 9 | R20: =IFERROR(INDEX(Calcs!$B$2:$AB$37,MATCH($N20,Calcs!$CJ$2:$CJ$37,0),MATCH(R$1,Calcs!$B$1:$AB$1,0)),"") -> 7 | S20: =IFERROR(INDEX(Calcs!$B$2:$AB$37,MATCH($N20,Calcs!$CJ$2:$CJ$37,0),MATCH(S$1,Calcs!$B$1:$AB$1,0)),"") -> 3 | T20: =IFERROR(INDEX(Calcs!$B$2:$AB$37,MATCH($N20,Calcs!$CJ$2:$CJ$37,0),MATCH(T$1,Calcs!$B$1:$AB$1,0)),"") -> 0 | U20: =IFERROR(INDEX(Calcs!$B$2:$AB$37,MATCH($N20,Calcs!$CJ$2:$CJ$37,0),MATCH(U$1,Calcs!$B$1:$AB$1,0)),"") -> 4 | V20: =IFERROR(INDEX(Calcs!$B$2:$AB$37,MATCH($N20,Calcs!$CJ$2:$CJ$37,0),MATCH(V$1,Calcs!$B$1:$AB$1,0)),"") -> 11 | W20: =IFERROR(INDEX(Calcs!$B$2:$AB$37,MATCH($N20,Calcs!$CJ$2:$CJ$37,0),MATCH(W$1,Calcs!$B$1:$AB$1,0)),"") -> 11 | X20: =IFERROR(INDEX(Calcs!$B$2:$AB$37,MATCH($N20,Calcs!$CJ$2:$CJ$37,0),MATCH(X$1,Calcs!$B$1:$AB$1,0)),"") -> 0 | ... AQ20: =IFERROR(INDEX(Calcs!$B$2:$AB$37,MATCH($N20,Calcs!$CJ$2:$CJ$37,0),MATCH(AQ$1,Calcs!$B$1:$AB$1,0)),"") -> 99 | AS20: =INDEX(Calcs!A$2:A$37,MATCH($N20,Calcs!$CF$2:$CF$37,0)) -> Marseille | AU20: =INDEX(Calcs!$BZ$2:$BZ$37,MATCH($AS20,Calcs!$A$2:$A$37,0)) -> 19 | AV20: =COUNTIF($AU$2:$AU$37,$AU20) -> 1 | AW20: =AU20&"."&AV20 -> 19.1 | AZ20: =TablaEquipos[[#This Row],[Team]] -> Kairat Almaty | BF20: =IF(OR(G20="",H20=""),"Pendiente",IF(G20>H20,"Local",IF(G20<H20,"Visitante","Empate"))) -> Local | BI20: =SUMIF(Calcs!$A$2:$A$37,League!BI3,Calcs!$H$2:$H$37) -> 0 | BJ20: =SUMIF(Calcs!$A$2:$A$37,League!BJ3,Calcs!$H$2:$H$37) -> -5 | BK20: =SUMIF(Calcs!$A$2:$A$37,League!BK3,Calcs!$H$2:$H$37) -> -5 | BL20: =SUMIF(Calcs!$A$2:$A$37,League!BL3,Calcs!$H$2:$H$37) -> 4 | BM20: =SUMIF(Calcs!$A$2:$A$37,League!BM3,Calcs!$H$2:$H$37) -> -9 | BN20: =SUMIF(Calcs!$A$2:$A$37,League!BN3,Calcs!$H$2:$H$37) -> 10 | BO20: =SUMIF(Calcs!$A$2:$A$37,League!BO3,Calcs!$H$2:$H$37) -> 1 | BP20: =SUMIF(Calcs!$A$2:$A$37,League!BP3,Calcs!$H$2:$H$37) -> -6 | ... CR20: =SUMIF(Calcs!$A$2:$A$37,League!CR3,Calcs!$H$2:$H$37) -> 4
A21: 2 | B21: =Horarios!C21 -> 45930.781 | C21: =Horarios!C21 -> 45930.781 | D21: Kairat Almaty | E21: =INDEX(TablaEquipos[Badge],MATCH(D21,TablaEquipos[Team],0)) -> #VALUE! | G21: 0 | H21: 5 | J21: =INDEX(TablaEquipos[Badge],MATCH(K21,TablaEquipos[Team],0)) -> #VALUE! | K21: Real Madrid | N21: 20 | O21: =INDEX(TablaEquipos[],MATCH(P21,TablaEquipos[Team],0),MATCH($O$1,TablaEquipos[#Headers],0)) -> #VALUE! | P21: =IFERROR(INDEX(Calcs!A$2:A$37,MATCH($N21,Calcs!$CJ$2:$CJ$37,0)),"") -> Bayer Leverkusen | Q21: =IFERROR(INDEX(Calcs!$B$2:$AB$37,MATCH($N21,Calcs!$CJ$2:$CJ$37,0),MATCH(Q$1,Calcs!$B$1:$AB$1,0)),"") -> 9 | R21: =IFERROR(INDEX(Calcs!$B$2:$AB$37,MATCH($N21,Calcs!$CJ$2:$CJ$37,0),MATCH(R$1,Calcs!$B$1:$AB$1,0)),"") -> 7 | S21: =IFERROR(INDEX(Calcs!$B$2:$AB$37,MATCH($N21,Calcs!$CJ$2:$CJ$37,0),MATCH(S$1,Calcs!$B$1:$AB$1,0)),"") -> 2 | T21: =IFERROR(INDEX(Calcs!$B$2:$AB$37,MATCH($N21,Calcs!$CJ$2:$CJ$37,0),MATCH(T$1,Calcs!$B$1:$AB$1,0)),"") -> 3 | U21: =IFERROR(INDEX(Calcs!$B$2:$AB$37,MATCH($N21,Calcs!$CJ$2:$CJ$37,0),MATCH(U$1,Calcs!$B$1:$AB$1,0)),"") -> 2 | V21: =IFERROR(INDEX(Calcs!$B$2:$AB$37,MATCH($N21,Calcs!$CJ$2:$CJ$37,0),MATCH(V$1,Calcs!$B$1:$AB$1,0)),"") -> 10 | W21: =IFERROR(INDEX(Calcs!$B$2:$AB$37,MATCH($N21,Calcs!$CJ$2:$CJ$37,0),MATCH(W$1,Calcs!$B$1:$AB$1,0)),"") -> 14 | X21: =IFERROR(INDEX(Calcs!$B$2:$AB$37,MATCH($N21,Calcs!$CJ$2:$CJ$37,0),MATCH(X$1,Calcs!$B$1:$AB$1,0)),"") -> -4 | ... AQ21: =IFERROR(INDEX(Calcs!$B$2:$AB$37,MATCH($N21,Calcs!$CJ$2:$CJ$37,0),MATCH(AQ$1,Calcs!$B$1:$AB$1,0)),"") -> 94 | AS21: =INDEX(Calcs!A$2:A$37,MATCH($N21,Calcs!$CF$2:$CF$37,0)) -> Bayer Leverkusen | AU21: =INDEX(Calcs!$BZ$2:$BZ$37,MATCH($AS21,Calcs!$A$2:$A$37,0)) -> 20 | AV21: =COUNTIF($AU$2:$AU$37,$AU21) -> 1 | AW21: =AU21&"."&AV21 -> 20.1 | AZ21: =TablaEquipos[[#This Row],[Team]] -> Liverpool | BF21: =IF(OR(G21="",H21=""),"Pendiente",IF(G21>H21,"Local",IF(G21<H21,"Visitante","Empate"))) -> Visitante | BI21: =SUMIF(Calcs!$A$2:$A$37,League!BI4,Calcs!$H$2:$H$37) -> 6 | BJ21: =SUMIF(Calcs!$A$2:$A$37,League!BJ4,Calcs!$H$2:$H$37) -> 3 | BK21: =SUMIF(Calcs!$A$2:$A$37,League!BK4,Calcs!$H$2:$H$37) -> -11 | BL21: =SUMIF(Calcs!$A$2:$A$37,League!BL4,Calcs!$H$2:$H$37) -> -2 | BM21: =SUMIF(Calcs!$A$2:$A$37,League!BM4,Calcs!$H$2:$H$37) -> 18 | BN21: =SUMIF(Calcs!$A$2:$A$37,League!BN4,Calcs!$H$2:$H$37) -> -5 | BO21: =SUMIF(Calcs!$A$2:$A$37,League!BO4,Calcs!$H$2:$H$37) -> 10 | BP21: =SUMIF(Calcs!$A$2:$A$37,League!BP4,Calcs!$H$2:$H$37) -> -5 | ... CR21: =SUMIF(Calcs!$A$2:$A$37,League!CR4,Calcs!$H$2:$H$37) -> 4
A22: 2 | B22: =Horarios!C22 -> 45930.875 | C22: =Horarios!C22 -> 45930.875 | D22: Atlético Madrid | E22: =INDEX(TablaEquipos[Badge],MATCH(D22,TablaEquipos[Team],0)) -> #VALUE! | G22: 5 | H22: 1 | J22: =INDEX(TablaEquipos[Badge],MATCH(K22,TablaEquipos[Team],0)) -> #VALUE! | K22: Eintracht Frankfurt | N22: 21 | O22: =INDEX(TablaEquipos[],MATCH(P22,TablaEquipos[Team],0),MATCH($O$1,TablaEquipos[#Headers],0)) -> #VALUE! | P22: =IFERROR(INDEX(Calcs!A$2:A$37,MATCH($N22,Calcs!$CJ$2:$CJ$37,0)),"") -> Monaco | Q22: =IFERROR(INDEX(Calcs!$B$2:$AB$37,MATCH($N22,Calcs!$CJ$2:$CJ$37,0),MATCH(Q$1,Calcs!$B$1:$AB$1,0)),"") -> 9 | R22: =IFERROR(INDEX(Calcs!$B$2:$AB$37,MATCH($N22,Calcs!$CJ$2:$CJ$37,0),MATCH(R$1,Calcs!$B$1:$AB$1,0)),"") -> 7 | S22: =IFERROR(INDEX(Calcs!$B$2:$AB$37,MATCH($N22,Calcs!$CJ$2:$CJ$37,0),MATCH(S$1,Calcs!$B$1:$AB$1,0)),"") -> 2 | T22: =IFERROR(INDEX(Calcs!$B$2:$AB$37,MATCH($N22,Calcs!$CJ$2:$CJ$37,0),MATCH(T$1,Calcs!$B$1:$AB$1,0)),"") -> 3 | U22: =IFERROR(INDEX(Calcs!$B$2:$AB$37,MATCH($N22,Calcs!$CJ$2:$CJ$37,0),MATCH(U$1,Calcs!$B$1:$AB$1,0)),"") -> 2 | V22: =IFERROR(INDEX(Calcs!$B$2:$AB$37,MATCH($N22,Calcs!$CJ$2:$CJ$37,0),MATCH(V$1,Calcs!$B$1:$AB$1,0)),"") -> 8 | W22: =IFERROR(INDEX(Calcs!$B$2:$AB$37,MATCH($N22,Calcs!$CJ$2:$CJ$37,0),MATCH(W$1,Calcs!$B$1:$AB$1,0)),"") -> 14 | X22: =IFERROR(INDEX(Calcs!$B$2:$AB$37,MATCH($N22,Calcs!$CJ$2:$CJ$37,0),MATCH(X$1,Calcs!$B$1:$AB$1,0)),"") -> -6 | ... AQ22: =IFERROR(INDEX(Calcs!$B$2:$AB$37,MATCH($N22,Calcs!$CJ$2:$CJ$37,0),MATCH(AQ$1,Calcs!$B$1:$AB$1,0)),"") -> 98 | AS22: =INDEX(Calcs!A$2:A$37,MATCH($N22,Calcs!$CF$2:$CF$37,0)) -> Monaco | AU22: =INDEX(Calcs!$BZ$2:$BZ$37,MATCH($AS22,Calcs!$A$2:$A$37,0)) -> 21 | AV22: =COUNTIF($AU$2:$AU$37,$AU22) -> 1 | AW22: =AU22&"."&AV22 -> 21.1 | AZ22: =TablaEquipos[[#This Row],[Team]] -> Manchester City | BF22: =IF(OR(G22="",H22=""),"Pendiente",IF(G22>H22,"Local",IF(G22<H22,"Visitante","Empate"))) -> Local | BI22: =SUMIF(Calcs!$A$2:$A$37,League!BI5,Calcs!$H$2:$H$37) -> 0 | BJ22: =SUMIF(Calcs!$A$2:$A$37,League!BJ5,Calcs!$H$2:$H$37) -> -11 | BK22: =SUMIF(Calcs!$A$2:$A$37,League!BK5,Calcs!$H$2:$H$37) -> 0 | BL22: =SUMIF(Calcs!$A$2:$A$37,League!BL5,Calcs!$H$2:$H$37) -> 10 | BM22: =SUMIF(Calcs!$A$2:$A$37,League!BM5,Calcs!$H$2:$H$37) -> -10 | BN22: =SUMIF(Calcs!$A$2:$A$37,League!BN5,Calcs!$H$2:$H$37) -> -5 | BO22: =SUMIF(Calcs!$A$2:$A$37,League!BO5,Calcs!$H$2:$H$37) -> -4 | BP22: =SUMIF(Calcs!$A$2:$A$37,League!BP5,Calcs!$H$2:$H$37) -> 10 | ... CR22: =SUMIF(Calcs!$A$2:$A$37,League!CR5,Calcs!$H$2:$H$37) -> -6
A23: 2 | B23: =Horarios!C23 -> 45930.875 | C23: =Horarios!C23 -> 45930.875 | D23: Chelsea | E23: =INDEX(TablaEquipos[Badge],MATCH(D23,TablaEquipos[Team],0)) -> #VALUE! | G23: 1 | H23: 0 | J23: =INDEX(TablaEquipos[Badge],MATCH(K23,TablaEquipos[Team],0)) -> #VALUE! | K23: Benfica | N23: 22 | O23: =INDEX(TablaEquipos[],MATCH(P23,TablaEquipos[Team],0),MATCH($O$1,TablaEquipos[#Headers],0)) -> #VALUE! | P23: =IFERROR(INDEX(Calcs!A$2:A$37,MATCH($N23,Calcs!$CJ$2:$CJ$37,0)),"") -> PSV Eindhoven | Q23: =IFERROR(INDEX(Calcs!$B$2:$AB$37,MATCH($N23,Calcs!$CJ$2:$CJ$37,0),MATCH(Q$1,Calcs!$B$1:$AB$1,0)),"") -> 8 | R23: =IFERROR(INDEX(Calcs!$B$2:$AB$37,MATCH($N23,Calcs!$CJ$2:$CJ$37,0),MATCH(R$1,Calcs!$B$1:$AB$1,0)),"") -> 7 | S23: =IFERROR(INDEX(Calcs!$B$2:$AB$37,MATCH($N23,Calcs!$CJ$2:$CJ$37,0),MATCH(S$1,Calcs!$B$1:$AB$1,0)),"") -> 2 | T23: =IFERROR(INDEX(Calcs!$B$2:$AB$37,MATCH($N23,Calcs!$CJ$2:$CJ$37,0),MATCH(T$1,Calcs!$B$1:$AB$1,0)),"") -> 2 | U23: =IFERROR(INDEX(Calcs!$B$2:$AB$37,MATCH($N23,Calcs!$CJ$2:$CJ$37,0),MATCH(U$1,Calcs!$B$1:$AB$1,0)),"") -> 3 | V23: =IFERROR(INDEX(Calcs!$B$2:$AB$37,MATCH($N23,Calcs!$CJ$2:$CJ$37,0),MATCH(V$1,Calcs!$B$1:$AB$1,0)),"") -> 15 | W23: =IFERROR(INDEX(Calcs!$B$2:$AB$37,MATCH($N23,Calcs!$CJ$2:$CJ$37,0),MATCH(W$1,Calcs!$B$1:$AB$1,0)),"") -> 14 | X23: =IFERROR(INDEX(Calcs!$B$2:$AB$37,MATCH($N23,Calcs!$CJ$2:$CJ$37,0),MATCH(X$1,Calcs!$B$1:$AB$1,0)),"") -> 1 | ... AQ23: =IFERROR(INDEX(Calcs!$B$2:$AB$37,MATCH($N23,Calcs!$CJ$2:$CJ$37,0),MATCH(AQ$1,Calcs!$B$1:$AB$1,0)),"") -> 98 | AS23: =INDEX(Calcs!A$2:A$37,MATCH($N23,Calcs!$CF$2:$CF$37,0)) -> PSV Eindhoven | AU23: =INDEX(Calcs!$BZ$2:$BZ$37,MATCH($AS23,Calcs!$A$2:$A$37,0)) -> 22 | AV23: =COUNTIF($AU$2:$AU$37,$AU23) -> 1 | AW23: =AU23&"."&AV23 -> 22.1 | AZ23: =TablaEquipos[[#This Row],[Team]] -> Marseille | BF23: =IF(OR(G23="",H23=""),"Pendiente",IF(G23>H23,"Local",IF(G23<H23,"Visitante","Empate"))) -> Local | BI23: =SUMIF(Calcs!$A$2:$A$37,League!BI6,Calcs!$H$2:$H$37) -> -4 | BJ23: =SUMIF(Calcs!$A$2:$A$37,League!BJ6,Calcs!$H$2:$H$37) -> 13 | BK23: =SUMIF(Calcs!$A$2:$A$37,League!BK6,Calcs!$H$2:$H$37) -> -9 | BL23: =SUMIF(Calcs!$A$2:$A$37,League!BL6,Calcs!$H$2:$H$37) -> -11 | BM23: =SUMIF(Calcs!$A$2:$A$37,League!BM6,Calcs!$H$2:$H$37) -> 6 | BN23: =SUMIF(Calcs!$A$2:$A$37,League!BN6,Calcs!$H$2:$H$37) -> 6 | BO23: =SUMIF(Calcs!$A$2:$A$37,League!BO6,Calcs!$H$2:$H$37) -> 4 | BP23: =SUMIF(Calcs!$A$2:$A$37,League!BP6,Calcs!$H$2:$H$37) -> 18 | ... CR23: =SUMIF(Calcs!$A$2:$A$37,League!CR6,Calcs!$H$2:$H$37) -> 4
A24: 2 | B24: =Horarios!C24 -> 45930.875 | C24: =Horarios!C24 -> 45930.875 | D24: Inter Milan | E24: =INDEX(TablaEquipos[Badge],MATCH(D24,TablaEquipos[Team],0)) -> #VALUE! | G24: 3 | H24: 0 | J24: =INDEX(TablaEquipos[Badge],MATCH(K24,TablaEquipos[Team],0)) -> #VALUE! | K24: Slavia Praha | N24: 23 | O24: =INDEX(TablaEquipos[],MATCH(P24,TablaEquipos[Team],0),MATCH($O$1,TablaEquipos[#Headers],0)) -> #VALUE! | P24: =IFERROR(INDEX(Calcs!A$2:A$37,MATCH($N24,Calcs!$CJ$2:$CJ$37,0)),"") -> Athletic Bilbao | Q24: =IFERROR(INDEX(Calcs!$B$2:$AB$37,MATCH($N24,Calcs!$CJ$2:$CJ$37,0),MATCH(Q$1,Calcs!$B$1:$AB$1,0)),"") -> 8 | R24: =IFERROR(INDEX(Calcs!$B$2:$AB$37,MATCH($N24,Calcs!$CJ$2:$CJ$37,0),MATCH(R$1,Calcs!$B$1:$AB$1,0)),"") -> 7 | S24: =IFERROR(INDEX(Calcs!$B$2:$AB$37,MATCH($N24,Calcs!$CJ$2:$CJ$37,0),MATCH(S$1,Calcs!$B$1:$AB$1,0)),"") -> 2 | T24: =IFERROR(INDEX(Calcs!$B$2:$AB$37,MATCH($N24,Calcs!$CJ$2:$CJ$37,0),MATCH(T$1,Calcs!$B$1:$AB$1,0)),"") -> 2 | U24: =IFERROR(INDEX(Calcs!$B$2:$AB$37,MATCH($N24,Calcs!$CJ$2:$CJ$37,0),MATCH(U$1,Calcs!$B$1:$AB$1,0)),"") -> 3 | V24: =IFERROR(INDEX(Calcs!$B$2:$AB$37,MATCH($N24,Calcs!$CJ$2:$CJ$37,0),MATCH(V$1,Calcs!$B$1:$AB$1,0)),"") -> 7 | W24: =IFERROR(INDEX(Calcs!$B$2:$AB$37,MATCH($N24,Calcs!$CJ$2:$CJ$37,0),MATCH(W$1,Calcs!$B$1:$AB$1,0)),"") -> 11 | X24: =IFERROR(INDEX(Calcs!$B$2:$AB$37,MATCH($N24,Calcs!$CJ$2:$CJ$37,0),MATCH(X$1,Calcs!$B$1:$AB$1,0)),"") -> -4 | ... AQ24: =IFERROR(INDEX(Calcs!$B$2:$AB$37,MATCH($N24,Calcs!$CJ$2:$CJ$37,0),MATCH(AQ$1,Calcs!$B$1:$AB$1,0)),"") -> 116 | AS24: =INDEX(Calcs!A$2:A$37,MATCH($N24,Calcs!$CF$2:$CF$37,0)) -> Athletic Bilbao | AU24: =INDEX(Calcs!$BZ$2:$BZ$37,MATCH($AS24,Calcs!$A$2:$A$37,0)) -> 23 | AV24: =COUNTIF($AU$2:$AU$37,$AU24) -> 1 | AW24: =AU24&"."&AV24 -> 23.1 | AZ24: =TablaEquipos[[#This Row],[Team]] -> Monaco | BF24: =IF(OR(G24="",H24=""),"Pendiente",IF(G24>H24,"Local",IF(G24<H24,"Visitante","Empate"))) -> Local | BI24: =SUMIF(Calcs!$A$2:$A$37,League!BI7,Calcs!$H$2:$H$37) -> -2 | BJ24: =SUMIF(Calcs!$A$2:$A$37,League!BJ7,Calcs!$H$2:$H$37) -> -5 | BK24: =SUMIF(Calcs!$A$2:$A$37,League!BK7,Calcs!$H$2:$H$37) -> 6 | BL24: =SUMIF(Calcs!$A$2:$A$37,League!BL7,Calcs!$H$2:$H$37) -> 10 | BM24: =SUMIF(Calcs!$A$2:$A$37,League!BM7,Calcs!$H$2:$H$37) -> 1 | BN24: =SUMIF(Calcs!$A$2:$A$37,League!BN7,Calcs!$H$2:$H$37) -> -9 | BO24: =SUMIF(Calcs!$A$2:$A$37,League!BO7,Calcs!$H$2:$H$37) -> 10 | BP24: =SUMIF(Calcs!$A$2:$A$37,League!BP7,Calcs!$H$2:$H$37) -> 5 | ... CR24: =SUMIF(Calcs!$A$2:$A$37,League!CR7,Calcs!$H$2:$H$37) -> -6
A25: 2 | B25: =Horarios!C25 -> 45930.875 | C25: =Horarios!C25 -> 45930.875 | D25: Bodø/Glimt | E25: =INDEX(TablaEquipos[Badge],MATCH(D25,TablaEquipos[Team],0)) -> #VALUE! | G25: 2 | H25: 2 | J25: =INDEX(TablaEquipos[Badge],MATCH(K25,TablaEquipos[Team],0)) -> #VALUE! | K25: Tottenham | N25: 24 | O25: =INDEX(TablaEquipos[],MATCH(P25,TablaEquipos[Team],0),MATCH($O$1,TablaEquipos[#Headers],0)) -> #VALUE! | P25: =IFERROR(INDEX(Calcs!A$2:A$37,MATCH($N25,Calcs!$CJ$2:$CJ$37,0)),"") -> Olympiakos | Q25: =IFERROR(INDEX(Calcs!$B$2:$AB$37,MATCH($N25,Calcs!$CJ$2:$CJ$37,0),MATCH(Q$1,Calcs!$B$1:$AB$1,0)),"") -> 8 | R25: =IFERROR(INDEX(Calcs!$B$2:$AB$37,MATCH($N25,Calcs!$CJ$2:$CJ$37,0),MATCH(R$1,Calcs!$B$1:$AB$1,0)),"") -> 7 | S25: =IFERROR(INDEX(Calcs!$B$2:$AB$37,MATCH($N25,Calcs!$CJ$2:$CJ$37,0),MATCH(S$1,Calcs!$B$1:$AB$1,0)),"") -> 2 | T25: =IFERROR(INDEX(Calcs!$B$2:$AB$37,MATCH($N25,Calcs!$CJ$2:$CJ$37,0),MATCH(T$1,Calcs!$B$1:$AB$1,0)),"") -> 2 | U25: =IFERROR(INDEX(Calcs!$B$2:$AB$37,MATCH($N25,Calcs!$CJ$2:$CJ$37,0),MATCH(U$1,Calcs!$B$1:$AB$1,0)),"") -> 3 | V25: =IFERROR(INDEX(Calcs!$B$2:$AB$37,MATCH($N25,Calcs!$CJ$2:$CJ$37,0),MATCH(V$1,Calcs!$B$1:$AB$1,0)),"") -> 8 | W25: =IFERROR(INDEX(Calcs!$B$2:$AB$37,MATCH($N25,Calcs!$CJ$2:$CJ$37,0),MATCH(W$1,Calcs!$B$1:$AB$1,0)),"") -> 13 | X25: =IFERROR(INDEX(Calcs!$B$2:$AB$37,MATCH($N25,Calcs!$CJ$2:$CJ$37,0),MATCH(X$1,Calcs!$B$1:$AB$1,0)),"") -> -5 | ... AQ25: =IFERROR(INDEX(Calcs!$B$2:$AB$37,MATCH($N25,Calcs!$CJ$2:$CJ$37,0),MATCH(AQ$1,Calcs!$B$1:$AB$1,0)),"") -> 98 | AS25: =INDEX(Calcs!A$2:A$37,MATCH($N25,Calcs!$CF$2:$CF$37,0)) -> Olympiakos | AU25: =INDEX(Calcs!$BZ$2:$BZ$37,MATCH($AS25,Calcs!$A$2:$A$37,0)) -> 24 | AV25: =COUNTIF($AU$2:$AU$37,$AU25) -> 1 | AW25: =AU25&"."&AV25 -> 24.1 | AZ25: =TablaEquipos[[#This Row],[Team]] -> Napoli | BF25: =IF(OR(G25="",H25=""),"Pendiente",IF(G25>H25,"Local",IF(G25<H25,"Visitante","Empate"))) -> Empate | BI25: =SUMIF(Calcs!$A$2:$A$37,League!BI8,Calcs!$H$2:$H$37) -> -10 | BJ25: =SUMIF(Calcs!$A$2:$A$37,League!BJ8,Calcs!$H$2:$H$37) -> 6 | BK25: =SUMIF(Calcs!$A$2:$A$37,League!BK8,Calcs!$H$2:$H$37) -> -4 | BL25: =SUMIF(Calcs!$A$2:$A$37,League!BL8,Calcs!$H$2:$H$37) -> 1 | BM25: =SUMIF(Calcs!$A$2:$A$37,League!BM8,Calcs!$H$2:$H$37) -> 0 | BN25: =SUMIF(Calcs!$A$2:$A$37,League!BN8,Calcs!$H$2:$H$37) -> -11 | BO25: =SUMIF(Calcs!$A$2:$A$37,League!BO8,Calcs!$H$2:$H$37) -> -5 | BP25: =SUMIF(Calcs!$A$2:$A$37,League!BP8,Calcs!$H$2:$H$37) -> -10 | ... CR25: =SUMIF(Calcs!$A$2:$A$37,League!CR8,Calcs!$H$2:$H$37) -> -12
A26: 2 | B26: =Horarios!C26 -> 45930.875 | C26: =Horarios!C26 -> 45930.875 | D26: Galatasaray | E26: =INDEX(TablaEquipos[Badge],MATCH(D26,TablaEquipos[Team],0)) -> #VALUE! | G26: 1 | H26: 0 | J26: =INDEX(TablaEquipos[Badge],MATCH(K26,TablaEquipos[Team],0)) -> #VALUE! | K26: Liverpool | N26: 25 | O26: =INDEX(TablaEquipos[],MATCH(P26,TablaEquipos[Team],0),MATCH($O$1,TablaEquipos[#Headers],0)) -> #VALUE! | P26: =IFERROR(INDEX(Calcs!A$2:A$37,MATCH($N26,Calcs!$CJ$2:$CJ$37,0)),"") -> Napoli | Q26: =IFERROR(INDEX(Calcs!$B$2:$AB$37,MATCH($N26,Calcs!$CJ$2:$CJ$37,0),MATCH(Q$1,Calcs!$B$1:$AB$1,0)),"") -> 8 | R26: =IFERROR(INDEX(Calcs!$B$2:$AB$37,MATCH($N26,Calcs!$CJ$2:$CJ$37,0),MATCH(R$1,Calcs!$B$1:$AB$1,0)),"") -> 7 | S26: =IFERROR(INDEX(Calcs!$B$2:$AB$37,MATCH($N26,Calcs!$CJ$2:$CJ$37,0),MATCH(S$1,Calcs!$B$1:$AB$1,0)),"") -> 2 | T26: =IFERROR(INDEX(Calcs!$B$2:$AB$37,MATCH($N26,Calcs!$CJ$2:$CJ$37,0),MATCH(T$1,Calcs!$B$1:$AB$1,0)),"") -> 2 | U26: =IFERROR(INDEX(Calcs!$B$2:$AB$37,MATCH($N26,Calcs!$CJ$2:$CJ$37,0),MATCH(U$1,Calcs!$B$1:$AB$1,0)),"") -> 3 | V26: =IFERROR(INDEX(Calcs!$B$2:$AB$37,MATCH($N26,Calcs!$CJ$2:$CJ$37,0),MATCH(V$1,Calcs!$B$1:$AB$1,0)),"") -> 7 | W26: =IFERROR(INDEX(Calcs!$B$2:$AB$37,MATCH($N26,Calcs!$CJ$2:$CJ$37,0),MATCH(W$1,Calcs!$B$1:$AB$1,0)),"") -> 12 | X26: =IFERROR(INDEX(Calcs!$B$2:$AB$37,MATCH($N26,Calcs!$CJ$2:$CJ$37,0),MATCH(X$1,Calcs!$B$1:$AB$1,0)),"") -> -5 | ... AQ26: =IFERROR(INDEX(Calcs!$B$2:$AB$37,MATCH($N26,Calcs!$CJ$2:$CJ$37,0),MATCH(AQ$1,Calcs!$B$1:$AB$1,0)),"") -> 96 | AS26: =INDEX(Calcs!A$2:A$37,MATCH($N26,Calcs!$CF$2:$CF$37,0)) -> Napoli | AU26: =INDEX(Calcs!$BZ$2:$BZ$37,MATCH($AS26,Calcs!$A$2:$A$37,0)) -> 25 | AV26: =COUNTIF($AU$2:$AU$37,$AU26) -> 1 | AW26: =AU26&"."&AV26 -> 25.1 | AZ26: =TablaEquipos[[#This Row],[Team]] -> Newcastle | BF26: =IF(OR(G26="",H26=""),"Pendiente",IF(G26>H26,"Local",IF(G26<H26,"Visitante","Empate"))) -> Local | BI26: =SUMIF(Calcs!$A$2:$A$37,League!BI9,Calcs!$H$2:$H$37) -> -5 | BJ26: =SUMIF(Calcs!$A$2:$A$37,League!BJ9,Calcs!$H$2:$H$37) -> -14 | BK26: =SUMIF(Calcs!$A$2:$A$37,League!BK9,Calcs!$H$2:$H$37) -> -10 | BL26: =SUMIF(Calcs!$A$2:$A$37,League!BL9,Calcs!$H$2:$H$37) -> 5 | BM26: =SUMIF(Calcs!$A$2:$A$37,League!BM9,Calcs!$H$2:$H$37) -> -2 | BN26: =SUMIF(Calcs!$A$2:$A$37,League!BN9,Calcs!$H$2:$H$37) -> -6 | BO26: =SUMIF(Calcs!$A$2:$A$37,League!BO9,Calcs!$H$2:$H$37) -> -10 | BP26: =SUMIF(Calcs!$A$2:$A$37,League!BP9,Calcs!$H$2:$H$37) -> 1 | ... CR26: =SUMIF(Calcs!$A$2:$A$37,League!CR9,Calcs!$H$2:$H$37) -> -4
A27: 2 | B27: =Horarios!C27 -> 45930.875 | C27: =Horarios!C27 -> 45930.875 | D27: Marseille | E27: =INDEX(TablaEquipos[Badge],MATCH(D27,TablaEquipos[Team],0)) -> #VALUE! | G27: 4 | H27: 0 | J27: =INDEX(TablaEquipos[Badge],MATCH(K27,TablaEquipos[Team],0)) -> #VALUE! | K27: Ajax | N27: 26 | O27: =INDEX(TablaEquipos[],MATCH(P27,TablaEquipos[Team],0),MATCH($O$1,TablaEquipos[#Headers],0)) -> #VALUE! | P27: =IFERROR(INDEX(Calcs!A$2:A$37,MATCH($N27,Calcs!$CJ$2:$CJ$37,0)),"") -> Copenhagen | Q27: =IFERROR(INDEX(Calcs!$B$2:$AB$37,MATCH($N27,Calcs!$CJ$2:$CJ$37,0),MATCH(Q$1,Calcs!$B$1:$AB$1,0)),"") -> 8 | R27: =IFERROR(INDEX(Calcs!$B$2:$AB$37,MATCH($N27,Calcs!$CJ$2:$CJ$37,0),MATCH(R$1,Calcs!$B$1:$AB$1,0)),"") -> 7 | S27: =IFERROR(INDEX(Calcs!$B$2:$AB$37,MATCH($N27,Calcs!$CJ$2:$CJ$37,0),MATCH(S$1,Calcs!$B$1:$AB$1,0)),"") -> 2 | T27: =IFERROR(INDEX(Calcs!$B$2:$AB$37,MATCH($N27,Calcs!$CJ$2:$CJ$37,0),MATCH(T$1,Calcs!$B$1:$AB$1,0)),"") -> 2 | U27: =IFERROR(INDEX(Calcs!$B$2:$AB$37,MATCH($N27,Calcs!$CJ$2:$CJ$37,0),MATCH(U$1,Calcs!$B$1:$AB$1,0)),"") -> 3 | V27: =IFERROR(INDEX(Calcs!$B$2:$AB$37,MATCH($N27,Calcs!$CJ$2:$CJ$37,0),MATCH(V$1,Calcs!$B$1:$AB$1,0)),"") -> 11 | W27: =IFERROR(INDEX(Calcs!$B$2:$AB$37,MATCH($N27,Calcs!$CJ$2:$CJ$37,0),MATCH(W$1,Calcs!$B$1:$AB$1,0)),"") -> 17 | X27: =IFERROR(INDEX(Calcs!$B$2:$AB$37,MATCH($N27,Calcs!$CJ$2:$CJ$37,0),MATCH(X$1,Calcs!$B$1:$AB$1,0)),"") -> -6 | ... AQ27: =IFERROR(INDEX(Calcs!$B$2:$AB$37,MATCH($N27,Calcs!$CJ$2:$CJ$37,0),MATCH(AQ$1,Calcs!$B$1:$AB$1,0)),"") -> 92 | AS27: =INDEX(Calcs!A$2:A$37,MATCH($N27,Calcs!$CF$2:$CF$37,0)) -> Copenhagen | AU27: =INDEX(Calcs!$BZ$2:$BZ$37,MATCH($AS27,Calcs!$A$2:$A$37,0)) -> 26 | AV27: =COUNTIF($AU$2:$AU$37,$AU27) -> 1 | AW27: =AU27&"."&AV27 -> 26.1 | AZ27: =TablaEquipos[[#This Row],[Team]] -> Olympiakos | BF27: =IF(OR(G27="",H27=""),"Pendiente",IF(G27>H27,"Local",IF(G27<H27,"Visitante","Empate"))) -> Local | BH27: DG Oponentes | BI27: =SUM(BI19:BI26) -> -9 | BJ27: =SUM(BJ19:BJ26) -> -17 | BK27: =SUM(BK19:BK26) -> -23 | BL27: =SUM(BL19:BL26) -> 35 | BM27: =SUM(BM19:BM26) -> 10 | BN27: =SUM(BN19:BN26) -> -10 | BO27: =SUM(BO19:BO26) -> 0 | BP27: =SUM(BP19:BP26) -> 19 | ... CR27: =SUM(CR19:CR26) -> -8
A28: 2 | B28: =Horarios!C28 -> 45930.875 | C28: =Horarios!C28 -> 45930.875 | D28: Pafos | E28: =INDEX(TablaEquipos[Badge],MATCH(D28,TablaEquipos[Team],0)) -> #VALUE! | G28: 1 | H28: 5 | J28: =INDEX(TablaEquipos[Badge],MATCH(K28,TablaEquipos[Team],0)) -> #VALUE! | K28: Bayern München | N28: 27 | O28: =INDEX(TablaEquipos[],MATCH(P28,TablaEquipos[Team],0),MATCH($O$1,TablaEquipos[#Headers],0)) -> #VALUE! | P28: =IFERROR(INDEX(Calcs!A$2:A$37,MATCH($N28,Calcs!$CJ$2:$CJ$37,0)),"") -> Brugge | Q28: =IFERROR(INDEX(Calcs!$B$2:$AB$37,MATCH($N28,Calcs!$CJ$2:$CJ$37,0),MATCH(Q$1,Calcs!$B$1:$AB$1,0)),"") -> 7 | R28: =IFERROR(INDEX(Calcs!$B$2:$AB$37,MATCH($N28,Calcs!$CJ$2:$CJ$37,0),MATCH(R$1,Calcs!$B$1:$AB$1,0)),"") -> 7 | S28: =IFERROR(INDEX(Calcs!$B$2:$AB$37,MATCH($N28,Calcs!$CJ$2:$CJ$37,0),MATCH(S$1,Calcs!$B$1:$AB$1,0)),"") -> 2 | T28: =IFERROR(INDEX(Calcs!$B$2:$AB$37,MATCH($N28,Calcs!$CJ$2:$CJ$37,0),MATCH(T$1,Calcs!$B$1:$AB$1,0)),"") -> 1 | U28: =IFERROR(INDEX(Calcs!$B$2:$AB$37,MATCH($N28,Calcs!$CJ$2:$CJ$37,0),MATCH(U$1,Calcs!$B$1:$AB$1,0)),"") -> 4 | V28: =IFERROR(INDEX(Calcs!$B$2:$AB$37,MATCH($N28,Calcs!$CJ$2:$CJ$37,0),MATCH(V$1,Calcs!$B$1:$AB$1,0)),"") -> 12 | W28: =IFERROR(INDEX(Calcs!$B$2:$AB$37,MATCH($N28,Calcs!$CJ$2:$CJ$37,0),MATCH(W$1,Calcs!$B$1:$AB$1,0)),"") -> 17 | X28: =IFERROR(INDEX(Calcs!$B$2:$AB$37,MATCH($N28,Calcs!$CJ$2:$CJ$37,0),MATCH(X$1,Calcs!$B$1:$AB$1,0)),"") -> -5 | ... AQ28: =IFERROR(INDEX(Calcs!$B$2:$AB$37,MATCH($N28,Calcs!$CJ$2:$CJ$37,0),MATCH(AQ$1,Calcs!$B$1:$AB$1,0)),"") -> 106 | AS28: =INDEX(Calcs!A$2:A$37,MATCH($N28,Calcs!$CF$2:$CF$37,0)) -> Brugge | AU28: =INDEX(Calcs!$BZ$2:$BZ$37,MATCH($AS28,Calcs!$A$2:$A$37,0)) -> 27 | AV28: =COUNTIF($AU$2:$AU$37,$AU28) -> 1 | AW28: =AU28&"."&AV28 -> 27.1 | AZ28: =TablaEquipos[[#This Row],[Team]] -> Pafos | BF28: =IF(OR(G28="",H28=""),"Pendiente",IF(G28>H28,"Local",IF(G28<H28,"Visitante","Empate"))) -> Visitante | BH28: GF | BI28: =SUMIF(Calcs!$A$2:$A$37,League!BI2,Calcs!$F$2:$F$37) -> 13 | BJ28: =SUMIF(Calcs!$A$2:$A$37,League!BJ2,Calcs!$F$2:$F$37) -> 7 | BK28: =SUMIF(Calcs!$A$2:$A$37,League!BK2,Calcs!$F$2:$F$37) -> 20 | BL28: =SUMIF(Calcs!$A$2:$A$37,League!BL2,Calcs!$F$2:$F$37) -> 20 | BM28: =SUMIF(Calcs!$A$2:$A$37,League!BM2,Calcs!$F$2:$F$37) -> 14 | BN28: =SUMIF(Calcs!$A$2:$A$37,League!BN2,Calcs!$F$2:$F$37) -> 16 | BO28: =SUMIF(Calcs!$A$2:$A$37,League!BO2,Calcs!$F$2:$F$37) -> 11 | BP28: =SUMIF(Calcs!$A$2:$A$37,League!BP2,Calcs!$F$2:$F$37) -> 14 | ... CR28: =SUMIF(Calcs!$A$2:$A$37,League!CR2,Calcs!$F$2:$F$37) -> 15
A29: 2 | B29: =Horarios!C29 -> 45931.781 | C29: =Horarios!C29 -> 45931.781 | D29: Qarabağ | E29: =INDEX(TablaEquipos[Badge],MATCH(D29,TablaEquipos[Team],0)) -> #VALUE! | G29: 2 | H29: 0 | J29: =INDEX(TablaEquipos[Badge],MATCH(K29,TablaEquipos[Team],0)) -> #VALUE! | K29: Copenhagen | N29: 28 | O29: =INDEX(TablaEquipos[],MATCH(P29,TablaEquipos[Team],0),MATCH($O$1,TablaEquipos[#Headers],0)) -> #VALUE! | P29: =IFERROR(INDEX(Calcs!A$2:A$37,MATCH($N29,Calcs!$CJ$2:$CJ$37,0)),"") -> Bodø/Glimt | Q29: =IFERROR(INDEX(Calcs!$B$2:$AB$37,MATCH($N29,Calcs!$CJ$2:$CJ$37,0),MATCH(Q$1,Calcs!$B$1:$AB$1,0)),"") -> 6 | R29: =IFERROR(INDEX(Calcs!$B$2:$AB$37,MATCH($N29,Calcs!$CJ$2:$CJ$37,0),MATCH(R$1,Calcs!$B$1:$AB$1,0)),"") -> 7 | S29: =IFERROR(INDEX(Calcs!$B$2:$AB$37,MATCH($N29,Calcs!$CJ$2:$CJ$37,0),MATCH(S$1,Calcs!$B$1:$AB$1,0)),"") -> 1 | T29: =IFERROR(INDEX(Calcs!$B$2:$AB$37,MATCH($N29,Calcs!$CJ$2:$CJ$37,0),MATCH(T$1,Calcs!$B$1:$AB$1,0)),"") -> 3 | U29: =IFERROR(INDEX(Calcs!$B$2:$AB$37,MATCH($N29,Calcs!$CJ$2:$CJ$37,0),MATCH(U$1,Calcs!$B$1:$AB$1,0)),"") -> 3 | V29: =IFERROR(INDEX(Calcs!$B$2:$AB$37,MATCH($N29,Calcs!$CJ$2:$CJ$37,0),MATCH(V$1,Calcs!$B$1:$AB$1,0)),"") -> 12 | W29: =IFERROR(INDEX(Calcs!$B$2:$AB$37,MATCH($N29,Calcs!$CJ$2:$CJ$37,0),MATCH(W$1,Calcs!$B$1:$AB$1,0)),"") -> 14 | X29: =IFERROR(INDEX(Calcs!$B$2:$AB$37,MATCH($N29,Calcs!$CJ$2:$CJ$37,0),MATCH(X$1,Calcs!$B$1:$AB$1,0)),"") -> -2 | ... AQ29: =IFERROR(INDEX(Calcs!$B$2:$AB$37,MATCH($N29,Calcs!$CJ$2:$CJ$37,0),MATCH(AQ$1,Calcs!$B$1:$AB$1,0)),"") -> 98 | AS29: =INDEX(Calcs!A$2:A$37,MATCH($N29,Calcs!$CF$2:$CF$37,0)) -> Bodø/Glimt | AU29: =INDEX(Calcs!$BZ$2:$BZ$37,MATCH($AS29,Calcs!$A$2:$A$37,0)) -> 28 | AV29: =COUNTIF($AU$2:$AU$37,$AU29) -> 1 | AW29: =AU29&"."&AV29 -> 28.1 | AZ29: =TablaEquipos[[#This Row],[Team]] -> PSG | BF29: =IF(OR(G29="",H29=""),"Pendiente",IF(G29>H29,"Local",IF(G29<H29,"Visitante","Empate"))) -> Local | BI29: =SUMIF(Calcs!$A$2:$A$37,League!BI3,Calcs!$F$2:$F$37) -> 11 | BJ29: =SUMIF(Calcs!$A$2:$A$37,League!BJ3,Calcs!$F$2:$F$37) -> 8 | BK29: =SUMIF(Calcs!$A$2:$A$37,League!BK3,Calcs!$F$2:$F$37) -> 12 | BL29: =SUMIF(Calcs!$A$2:$A$37,League!BL3,Calcs!$F$2:$F$37) -> 19 | BM29: =SUMIF(Calcs!$A$2:$A$37,League!BM3,Calcs!$F$2:$F$37) -> 10 | BN29: =SUMIF(Calcs!$A$2:$A$37,League!BN3,Calcs!$F$2:$F$37) -> 20 | BO29: =SUMIF(Calcs!$A$2:$A$37,League!BO3,Calcs!$F$2:$F$37) -> 15 | BP29: =SUMIF(Calcs!$A$2:$A$37,League!BP3,Calcs!$F$2:$F$37) -> 4 | ... CR29: =SUMIF(Calcs!$A$2:$A$37,League!CR3,Calcs!$F$2:$F$37) -> 14
A30: 2 | B30: =Horarios!C30 -> 45931.781 | C30: =Horarios!C30 -> 45931.781 | D30: Union Saint-Gilloise | E30: =INDEX(TablaEquipos[Badge],MATCH(D30,TablaEquipos[Team],0)) -> #VALUE! | G30: 0 | H30: 4 | J30: =INDEX(TablaEquipos[Badge],MATCH(K30,TablaEquipos[Team],0)) -> #VALUE! | K30: Newcastle | N30: 29 | O30: =INDEX(TablaEquipos[],MATCH(P30,TablaEquipos[Team],0),MATCH($O$1,TablaEquipos[#Headers],0)) -> #VALUE! | P30: =IFERROR(INDEX(Calcs!A$2:A$37,MATCH($N30,Calcs!$CJ$2:$CJ$37,0)),"") -> Benfica | Q30: =IFERROR(INDEX(Calcs!$B$2:$AB$37,MATCH($N30,Calcs!$CJ$2:$CJ$37,0),MATCH(Q$1,Calcs!$B$1:$AB$1,0)),"") -> 6 | R30: =IFERROR(INDEX(Calcs!$B$2:$AB$37,MATCH($N30,Calcs!$CJ$2:$CJ$37,0),MATCH(R$1,Calcs!$B$1:$AB$1,0)),"") -> 7 | S30: =IFERROR(INDEX(Calcs!$B$2:$AB$37,MATCH($N30,Calcs!$CJ$2:$CJ$37,0),MATCH(S$1,Calcs!$B$1:$AB$1,0)),"") -> 2 | T30: =IFERROR(INDEX(Calcs!$B$2:$AB$37,MATCH($N30,Calcs!$CJ$2:$CJ$37,0),MATCH(T$1,Calcs!$B$1:$AB$1,0)),"") -> 0 | U30: =IFERROR(INDEX(Calcs!$B$2:$AB$37,MATCH($N30,Calcs!$CJ$2:$CJ$37,0),MATCH(U$1,Calcs!$B$1:$AB$1,0)),"") -> 5 | V30: =IFERROR(INDEX(Calcs!$B$2:$AB$37,MATCH($N30,Calcs!$CJ$2:$CJ$37,0),MATCH(V$1,Calcs!$B$1:$AB$1,0)),"") -> 6 | W30: =IFERROR(INDEX(Calcs!$B$2:$AB$37,MATCH($N30,Calcs!$CJ$2:$CJ$37,0),MATCH(W$1,Calcs!$B$1:$AB$1,0)),"") -> 10 | X30: =IFERROR(INDEX(Calcs!$B$2:$AB$37,MATCH($N30,Calcs!$CJ$2:$CJ$37,0),MATCH(X$1,Calcs!$B$1:$AB$1,0)),"") -> -4 | ... AQ30: =IFERROR(INDEX(Calcs!$B$2:$AB$37,MATCH($N30,Calcs!$CJ$2:$CJ$37,0),MATCH(AQ$1,Calcs!$B$1:$AB$1,0)),"") -> 100 | AS30: =INDEX(Calcs!A$2:A$37,MATCH($N30,Calcs!$CF$2:$CF$37,0)) -> Benfica | AU30: =INDEX(Calcs!$BZ$2:$BZ$37,MATCH($AS30,Calcs!$A$2:$A$37,0)) -> 29 | AV30: =COUNTIF($AU$2:$AU$37,$AU30) -> 1 | AW30: =AU30&"."&AV30 -> 29.1 | AZ30: =TablaEquipos[[#This Row],[Team]] -> PSV Eindhoven | BF30: =IF(OR(G30="",H30=""),"Pendiente",IF(G30>H30,"Local",IF(G30<H30,"Visitante","Empate"))) -> Visitante | BI30: =SUMIF(Calcs!$A$2:$A$37,League!BI4,Calcs!$F$2:$F$37) -> 14 | BJ30: =SUMIF(Calcs!$A$2:$A$37,League!BJ4,Calcs!$F$2:$F$37) -> 16 | BK30: =SUMIF(Calcs!$A$2:$A$37,League!BK4,Calcs!$F$2:$F$37) -> 4 | BL30: =SUMIF(Calcs!$A$2:$A$37,League!BL4,Calcs!$F$2:$F$37) -> 13 | BM30: =SUMIF(Calcs!$A$2:$A$37,League!BM4,Calcs!$F$2:$F$37) -> 20 | BN30: =SUMIF(Calcs!$A$2:$A$37,League!BN4,Calcs!$F$2:$F$37) -> 8 | BO30: =SUMIF(Calcs!$A$2:$A$37,League!BO4,Calcs!$F$2:$F$37) -> 20 | BP30: =SUMIF(Calcs!$A$2:$A$37,League!BP4,Calcs!$F$2:$F$37) -> 12 | ... CR30: =SUMIF(Calcs!$A$2:$A$37,League!CR4,Calcs!$F$2:$F$37) -> 13
A31: 2 | B31: =Horarios!C31 -> 45931.875 | C31: =Horarios!C31 -> 45931.875 | D31: Arsenal | E31: =INDEX(TablaEquipos[Badge],MATCH(D31,TablaEquipos[Team],0)) -> #VALUE! | G31: 2 | H31: 0 | J31: =INDEX(TablaEquipos[Badge],MATCH(K31,TablaEquipos[Team],0)) -> #VALUE! | K31: Olympiakos | N31: 30 | O31: =INDEX(TablaEquipos[],MATCH(P31,TablaEquipos[Team],0),MATCH($O$1,TablaEquipos[#Headers],0)) -> #VALUE! | P31: =IFERROR(INDEX(Calcs!A$2:A$37,MATCH($N31,Calcs!$CJ$2:$CJ$37,0)),"") -> Pafos | Q31: =IFERROR(INDEX(Calcs!$B$2:$AB$37,MATCH($N31,Calcs!$CJ$2:$CJ$37,0),MATCH(Q$1,Calcs!$B$1:$AB$1,0)),"") -> 6 | R31: =IFERROR(INDEX(Calcs!$B$2:$AB$37,MATCH($N31,Calcs!$CJ$2:$CJ$37,0),MATCH(R$1,Calcs!$B$1:$AB$1,0)),"") -> 7 | S31: =IFERROR(INDEX(Calcs!$B$2:$AB$37,MATCH($N31,Calcs!$CJ$2:$CJ$37,0),MATCH(S$1,Calcs!$B$1:$AB$1,0)),"") -> 1 | T31: =IFERROR(INDEX(Calcs!$B$2:$AB$37,MATCH($N31,Calcs!$CJ$2:$CJ$37,0),MATCH(T$1,Calcs!$B$1:$AB$1,0)),"") -> 3 | U31: =IFERROR(INDEX(Calcs!$B$2:$AB$37,MATCH($N31,Calcs!$CJ$2:$CJ$37,0),MATCH(U$1,Calcs!$B$1:$AB$1,0)),"") -> 3 | V31: =IFERROR(INDEX(Calcs!$B$2:$AB$37,MATCH($N31,Calcs!$CJ$2:$CJ$37,0),MATCH(V$1,Calcs!$B$1:$AB$1,0)),"") -> 4 | W31: =IFERROR(INDEX(Calcs!$B$2:$AB$37,MATCH($N31,Calcs!$CJ$2:$CJ$37,0),MATCH(W$1,Calcs!$B$1:$AB$1,0)),"") -> 10 | X31: =IFERROR(INDEX(Calcs!$B$2:$AB$37,MATCH($N31,Calcs!$CJ$2:$CJ$37,0),MATCH(X$1,Calcs!$B$1:$AB$1,0)),"") -> -6 | ... AQ31: =IFERROR(INDEX(Calcs!$B$2:$AB$37,MATCH($N31,Calcs!$CJ$2:$CJ$37,0),MATCH(AQ$1,Calcs!$B$1:$AB$1,0)),"") -> 78 | AS31: =INDEX(Calcs!A$2:A$37,MATCH($N31,Calcs!$CF$2:$CF$37,0)) -> Pafos | AU31: =INDEX(Calcs!$BZ$2:$BZ$37,MATCH($AS31,Calcs!$A$2:$A$37,0)) -> 30 | AV31: =COUNTIF($AU$2:$AU$37,$AU31) -> 1 | AW31: =AU31&"."&AV31 -> 30.1 | AZ31: =TablaEquipos[[#This Row],[Team]] -> Qarabağ | BF31: =IF(OR(G31="",H31=""),"Pendiente",IF(G31>H31,"Local",IF(G31<H31,"Visitante","Empate"))) -> Local | BI31: =SUMIF(Calcs!$A$2:$A$37,League!BI5,Calcs!$F$2:$F$37) -> 9 | BJ31: =SUMIF(Calcs!$A$2:$A$37,League!BJ5,Calcs!$F$2:$F$37) -> 4 | BK31: =SUMIF(Calcs!$A$2:$A$37,League!BK5,Calcs!$F$2:$F$37) -> 11 | BL31: =SUMIF(Calcs!$A$2:$A$37,League!BL5,Calcs!$F$2:$F$37) -> 16 | BM31: =SUMIF(Calcs!$A$2:$A$37,League!BM5,Calcs!$F$2:$F$37) -> 7 | BN31: =SUMIF(Calcs!$A$2:$A$37,League!BN5,Calcs!$F$2:$F$37) -> 12 | BO31: =SUMIF(Calcs!$A$2:$A$37,League!BO5,Calcs!$F$2:$F$37) -> 6 | BP31: =SUMIF(Calcs!$A$2:$A$37,League!BP5,Calcs!$F$2:$F$37) -> 20 | ... CR31: =SUMIF(Calcs!$A$2:$A$37,League!CR5,Calcs!$F$2:$F$37) -> 4
A32: 2 | B32: =Horarios!C32 -> 45931.875 | C32: =Horarios!C32 -> 45931.875 | D32: Monaco | E32: =INDEX(TablaEquipos[Badge],MATCH(D32,TablaEquipos[Team],0)) -> #VALUE! | G32: 2 | H32: 2 | J32: =INDEX(TablaEquipos[Badge],MATCH(K32,TablaEquipos[Team],0)) -> #VALUE! | K32: Manchester City | N32: 31 | O32: =INDEX(TablaEquipos[],MATCH(P32,TablaEquipos[Team],0),MATCH($O$1,TablaEquipos[#Headers],0)) -> #VALUE! | P32: =IFERROR(INDEX(Calcs!A$2:A$37,MATCH($N32,Calcs!$CJ$2:$CJ$37,0)),"") -> Union Saint-Gilloise | Q32: =IFERROR(INDEX(Calcs!$B$2:$AB$37,MATCH($N32,Calcs!$CJ$2:$CJ$37,0),MATCH(Q$1,Calcs!$B$1:$AB$1,0)),"") -> 6 | R32: =IFERROR(INDEX(Calcs!$B$2:$AB$37,MATCH($N32,Calcs!$CJ$2:$CJ$37,0),MATCH(R$1,Calcs!$B$1:$AB$1,0)),"") -> 7 | S32: =IFERROR(INDEX(Calcs!$B$2:$AB$37,MATCH($N32,Calcs!$CJ$2:$CJ$37,0),MATCH(S$1,Calcs!$B$1:$AB$1,0)),"") -> 2 | T32: =IFERROR(INDEX(Calcs!$B$2:$AB$37,MATCH($N32,Calcs!$CJ$2:$CJ$37,0),MATCH(T$1,Calcs!$B$1:$AB$1,0)),"") -> 0 | U32: =IFERROR(INDEX(Calcs!$B$2:$AB$37,MATCH($N32,Calcs!$CJ$2:$CJ$37,0),MATCH(U$1,Calcs!$B$1:$AB$1,0)),"") -> 5 | V32: =IFERROR(INDEX(Calcs!$B$2:$AB$37,MATCH($N32,Calcs!$CJ$2:$CJ$37,0),MATCH(V$1,Calcs!$B$1:$AB$1,0)),"") -> 7 | W32: =IFERROR(INDEX(Calcs!$B$2:$AB$37,MATCH($N32,Calcs!$CJ$2:$CJ$37,0),MATCH(W$1,Calcs!$B$1:$AB$1,0)),"") -> 17 | X32: =IFERROR(INDEX(Calcs!$B$2:$AB$37,MATCH($N32,Calcs!$CJ$2:$CJ$37,0),MATCH(X$1,Calcs!$B$1:$AB$1,0)),"") -> -10 | ... AQ32: =IFERROR(INDEX(Calcs!$B$2:$AB$37,MATCH($N32,Calcs!$CJ$2:$CJ$37,0),MATCH(AQ$1,Calcs!$B$1:$AB$1,0)),"") -> 110 | AS32: =INDEX(Calcs!A$2:A$37,MATCH($N32,Calcs!$CF$2:$CF$37,0)) -> Union Saint-Gilloise | AU32: =INDEX(Calcs!$BZ$2:$BZ$37,MATCH($AS32,Calcs!$A$2:$A$37,0)) -> 31 | AV32: =COUNTIF($AU$2:$AU$37,$AU32) -> 1 | AW32: =AU32&"."&AV32 -> 31.1 | AZ32: =TablaEquipos[[#This Row],[Team]] -> Real Madrid | BF32: =IF(OR(G32="",H32=""),"Pendiente",IF(G32>H32,"Local",IF(G32<H32,"Visitante","Empate"))) -> Empate | BI32: =SUMIF(Calcs!$A$2:$A$37,League!BI6,Calcs!$F$2:$F$37) -> 6 | BJ32: =SUMIF(Calcs!$A$2:$A$37,League!BJ6,Calcs!$F$2:$F$37) -> 20 | BK32: =SUMIF(Calcs!$A$2:$A$37,League!BK6,Calcs!$F$2:$F$37) -> 10 | BL32: =SUMIF(Calcs!$A$2:$A$37,League!BL6,Calcs!$F$2:$F$37) -> 4 | BM32: =SUMIF(Calcs!$A$2:$A$37,League!BM6,Calcs!$F$2:$F$37) -> 13 | BN32: =SUMIF(Calcs!$A$2:$A$37,League!BN6,Calcs!$F$2:$F$37) -> 14 | BO32: =SUMIF(Calcs!$A$2:$A$37,League!BO6,Calcs!$F$2:$F$37) -> 13 | BP32: =SUMIF(Calcs!$A$2:$A$37,League!BP6,Calcs!$F$2:$F$37) -> 20 | ... CR32: =SUMIF(Calcs!$A$2:$A$37,League!CR6,Calcs!$F$2:$F$37) -> 19
A33: 2 | B33: =Horarios!C33 -> 45931.875 | C33: =Horarios!C33 -> 45931.875 | D33: Bayer Leverkusen | E33: =INDEX(TablaEquipos[Badge],MATCH(D33,TablaEquipos[Team],0)) -> #VALUE! | G33: 1 | H33: 1 | J33: =INDEX(TablaEquipos[Badge],MATCH(K33,TablaEquipos[Team],0)) -> #VALUE! | K33: PSV Eindhoven | N33: 32 | O33: =INDEX(TablaEquipos[],MATCH(P33,TablaEquipos[Team],0),MATCH($O$1,TablaEquipos[#Headers],0)) -> #VALUE! | P33: =IFERROR(INDEX(Calcs!A$2:A$37,MATCH($N33,Calcs!$CJ$2:$CJ$37,0)),"") -> Ajax | Q33: =IFERROR(INDEX(Calcs!$B$2:$AB$37,MATCH($N33,Calcs!$CJ$2:$CJ$37,0),MATCH(Q$1,Calcs!$B$1:$AB$1,0)),"") -> 6 | R33: =IFERROR(INDEX(Calcs!$B$2:$AB$37,MATCH($N33,Calcs!$CJ$2:$CJ$37,0),MATCH(R$1,Calcs!$B$1:$AB$1,0)),"") -> 7 | S33: =IFERROR(INDEX(Calcs!$B$2:$AB$37,MATCH($N33,Calcs!$CJ$2:$CJ$37,0),MATCH(S$1,Calcs!$B$1:$AB$1,0)),"") -> 2 | T33: =IFERROR(INDEX(Calcs!$B$2:$AB$37,MATCH($N33,Calcs!$CJ$2:$CJ$37,0),MATCH(T$1,Calcs!$B$1:$AB$1,0)),"") -> 0 | U33: =IFERROR(INDEX(Calcs!$B$2:$AB$37,MATCH($N33,Calcs!$CJ$2:$CJ$37,0),MATCH(U$1,Calcs!$B$1:$AB$1,0)),"") -> 5 | V33: =IFERROR(INDEX(Calcs!$B$2:$AB$37,MATCH($N33,Calcs!$CJ$2:$CJ$37,0),MATCH(V$1,Calcs!$B$1:$AB$1,0)),"") -> 7 | W33: =IFERROR(INDEX(Calcs!$B$2:$AB$37,MATCH($N33,Calcs!$CJ$2:$CJ$37,0),MATCH(W$1,Calcs!$B$1:$AB$1,0)),"") -> 19 | X33: =IFERROR(INDEX(Calcs!$B$2:$AB$37,MATCH($N33,Calcs!$CJ$2:$CJ$37,0),MATCH(X$1,Calcs!$B$1:$AB$1,0)),"") -> -12 | ... AQ33: =IFERROR(INDEX(Calcs!$B$2:$AB$37,MATCH($N33,Calcs!$CJ$2:$CJ$37,0),MATCH(AQ$1,Calcs!$B$1:$AB$1,0)),"") -> 79 | AS33: =INDEX(Calcs!A$2:A$37,MATCH($N33,Calcs!$CF$2:$CF$37,0)) -> Ajax | AU33: =INDEX(Calcs!$BZ$2:$BZ$37,MATCH($AS33,Calcs!$A$2:$A$37,0)) -> 32 | AV33: =COUNTIF($AU$2:$AU$37,$AU33) -> 1 | AW33: =AU33&"."&AV33 -> 32.1 | AZ33: =TablaEquipos[[#This Row],[Team]] -> Slavia Praha | BF33: =IF(OR(G33="",H33=""),"Pendiente",IF(G33>H33,"Local",IF(G33<H33,"Visitante","Empate"))) -> Empate | BI33: =SUMIF(Calcs!$A$2:$A$37,League!BI7,Calcs!$F$2:$F$37) -> 13 | BJ33: =SUMIF(Calcs!$A$2:$A$37,League!BJ7,Calcs!$F$2:$F$37) -> 12 | BK33: =SUMIF(Calcs!$A$2:$A$37,League!BK7,Calcs!$F$2:$F$37) -> 14 | BL33: =SUMIF(Calcs!$A$2:$A$37,League!BL7,Calcs!$F$2:$F$37) -> 20 | BM33: =SUMIF(Calcs!$A$2:$A$37,League!BM7,Calcs!$F$2:$F$37) -> 15 | BN33: =SUMIF(Calcs!$A$2:$A$37,League!BN7,Calcs!$F$2:$F$37) -> 10 | BO33: =SUMIF(Calcs!$A$2:$A$37,League!BO7,Calcs!$F$2:$F$37) -> 16 | BP33: =SUMIF(Calcs!$A$2:$A$37,League!BP7,Calcs!$F$2:$F$37) -> 14 | ... CR33: =SUMIF(Calcs!$A$2:$A$37,League!CR7,Calcs!$F$2:$F$37) -> 11
A34: 2 | B34: =Horarios!C34 -> 45931.875 | C34: =Horarios!C34 -> 45931.875 | D34: Borussia Dortmund | E34: =INDEX(TablaEquipos[Badge],MATCH(D34,TablaEquipos[Team],0)) -> #VALUE! | G34: 4 | H34: 1 | J34: =INDEX(TablaEquipos[Badge],MATCH(K34,TablaEquipos[Team],0)) -> #VALUE! | K34: Athletic Bilbao | N34: 33 | O34: =INDEX(TablaEquipos[],MATCH(P34,TablaEquipos[Team],0),MATCH($O$1,TablaEquipos[#Headers],0)) -> #VALUE! | P34: =IFERROR(INDEX(Calcs!A$2:A$37,MATCH($N34,Calcs!$CJ$2:$CJ$37,0)),"") -> Eintracht Frankfurt | Q34: =IFERROR(INDEX(Calcs!$B$2:$AB$37,MATCH($N34,Calcs!$CJ$2:$CJ$37,0),MATCH(Q$1,Calcs!$B$1:$AB$1,0)),"") -> 4 | R34: =IFERROR(INDEX(Calcs!$B$2:$AB$37,MATCH($N34,Calcs!$CJ$2:$CJ$37,0),MATCH(R$1,Calcs!$B$1:$AB$1,0)),"") -> 7 | S34: =IFERROR(INDEX(Calcs!$B$2:$AB$37,MATCH($N34,Calcs!$CJ$2:$CJ$37,0),MATCH(S$1,Calcs!$B$1:$AB$1,0)),"") -> 1 | T34: =IFERROR(INDEX(Calcs!$B$2:$AB$37,MATCH($N34,Calcs!$CJ$2:$CJ$37,0),MATCH(T$1,Calcs!$B$1:$AB$1,0)),"") -> 1 | U34: =IFERROR(INDEX(Calcs!$B$2:$AB$37,MATCH($N34,Calcs!$CJ$2:$CJ$37,0),MATCH(U$1,Calcs!$B$1:$AB$1,0)),"") -> 5 | V34: =IFERROR(INDEX(Calcs!$B$2:$AB$37,MATCH($N34,Calcs!$CJ$2:$CJ$37,0),MATCH(V$1,Calcs!$B$1:$AB$1,0)),"") -> 10 | W34: =IFERROR(INDEX(Calcs!$B$2:$AB$37,MATCH($N34,Calcs!$CJ$2:$CJ$37,0),MATCH(W$1,Calcs!$B$1:$AB$1,0)),"") -> 19 | X34: =IFERROR(INDEX(Calcs!$B$2:$AB$37,MATCH($N34,Calcs!$CJ$2:$CJ$37,0),MATCH(X$1,Calcs!$B$1:$AB$1,0)),"") -> -9 | ... AQ34: =IFERROR(INDEX(Calcs!$B$2:$AB$37,MATCH($N34,Calcs!$CJ$2:$CJ$37,0),MATCH(AQ$1,Calcs!$B$1:$AB$1,0)),"") -> 102 | AS34: =INDEX(Calcs!A$2:A$37,MATCH($N34,Calcs!$CF$2:$CF$37,0)) -> Eintracht Frankfurt | AU34: =INDEX(Calcs!$BZ$2:$BZ$37,MATCH($AS34,Calcs!$A$2:$A$37,0)) -> 33 | AV34: =COUNTIF($AU$2:$AU$37,$AU34) -> 1 | AW34: =AU34&"."&AV34 -> 33.1 | AZ34: =TablaEquipos[[#This Row],[Team]] -> Sporting Portugal | BF34: =IF(OR(G34="",H34=""),"Pendiente",IF(G34>H34,"Local",IF(G34<H34,"Visitante","Empate"))) -> Local | BI34: =SUMIF(Calcs!$A$2:$A$37,League!BI8,Calcs!$F$2:$F$37) -> 5 | BJ34: =SUMIF(Calcs!$A$2:$A$37,League!BJ8,Calcs!$F$2:$F$37) -> 13 | BK34: =SUMIF(Calcs!$A$2:$A$37,League!BK8,Calcs!$F$2:$F$37) -> 7 | BL34: =SUMIF(Calcs!$A$2:$A$37,League!BL8,Calcs!$F$2:$F$37) -> 10 | BM34: =SUMIF(Calcs!$A$2:$A$37,League!BM8,Calcs!$F$2:$F$37) -> 9 | BN34: =SUMIF(Calcs!$A$2:$A$37,League!BN8,Calcs!$F$2:$F$37) -> 4 | BO34: =SUMIF(Calcs!$A$2:$A$37,League!BO8,Calcs!$F$2:$F$37) -> 8 | BP34: =SUMIF(Calcs!$A$2:$A$37,League!BP8,Calcs!$F$2:$F$37) -> 7 | ... CR34: =SUMIF(Calcs!$A$2:$A$37,League!CR8,Calcs!$F$2:$F$37) -> 7
A35: 2 | B35: =Horarios!C35 -> 45931.875 | C35: =Horarios!C35 -> 45931.875 | D35: Barcelona | E35: =INDEX(TablaEquipos[Badge],MATCH(D35,TablaEquipos[Team],0)) -> #VALUE! | G35: 1 | H35: 2 | J35: =INDEX(TablaEquipos[Badge],MATCH(K35,TablaEquipos[Team],0)) -> #VALUE! | K35: PSG | N35: 34 | O35: =INDEX(TablaEquipos[],MATCH(P35,TablaEquipos[Team],0),MATCH($O$1,TablaEquipos[#Headers],0)) -> #VALUE! | P35: =IFERROR(INDEX(Calcs!A$2:A$37,MATCH($N35,Calcs!$CJ$2:$CJ$37,0)),"") -> Slavia Praha | Q35: =IFERROR(INDEX(Calcs!$B$2:$AB$37,MATCH($N35,Calcs!$CJ$2:$CJ$37,0),MATCH(Q$1,Calcs!$B$1:$AB$1,0)),"") -> 3 | R35: =IFERROR(INDEX(Calcs!$B$2:$AB$37,MATCH($N35,Calcs!$CJ$2:$CJ$37,0),MATCH(R$1,Calcs!$B$1:$AB$1,0)),"") -> 7 | S35: =IFERROR(INDEX(Calcs!$B$2:$AB$37,MATCH($N35,Calcs!$CJ$2:$CJ$37,0),MATCH(S$1,Calcs!$B$1:$AB$1,0)),"") -> 0 | T35: =IFERROR(INDEX(Calcs!$B$2:$AB$37,MATCH($N35,Calcs!$CJ$2:$CJ$37,0),MATCH(T$1,Calcs!$B$1:$AB$1,0)),"") -> 3 | U35: =IFERROR(INDEX(Calcs!$B$2:$AB$37,MATCH($N35,Calcs!$CJ$2:$CJ$37,0),MATCH(U$1,Calcs!$B$1:$AB$1,0)),"") -> 4 | V35: =IFERROR(INDEX(Calcs!$B$2:$AB$37,MATCH($N35,Calcs!$CJ$2:$CJ$37,0),MATCH(V$1,Calcs!$B$1:$AB$1,0)),"") -> 4 | W35: =IFERROR(INDEX(Calcs!$B$2:$AB$37,MATCH($N35,Calcs!$CJ$2:$CJ$37,0),MATCH(W$1,Calcs!$B$1:$AB$1,0)),"") -> 15 | X35: =IFERROR(INDEX(Calcs!$B$2:$AB$37,MATCH($N35,Calcs!$CJ$2:$CJ$37,0),MATCH(X$1,Calcs!$B$1:$AB$1,0)),"") -> -11 | ... AQ35: =IFERROR(INDEX(Calcs!$B$2:$AB$37,MATCH($N35,Calcs!$CJ$2:$CJ$37,0),MATCH(AQ$1,Calcs!$B$1:$AB$1,0)),"") -> 99 | AS35: =INDEX(Calcs!A$2:A$37,MATCH($N35,Calcs!$CF$2:$CF$37,0)) -> Slavia Praha | AU35: =INDEX(Calcs!$BZ$2:$BZ$37,MATCH($AS35,Calcs!$A$2:$A$37,0)) -> 34 | AV35: =COUNTIF($AU$2:$AU$37,$AU35) -> 1 | AW35: =AU35&"."&AV35 -> 34.1 | AZ35: =TablaEquipos[[#This Row],[Team]] -> Tottenham | BF35: =IF(OR(G35="",H35=""),"Pendiente",IF(G35>H35,"Local",IF(G35<H35,"Visitante","Empate"))) -> Visitante | BI35: =SUMIF(Calcs!$A$2:$A$37,League!BI9,Calcs!$F$2:$F$37) -> 8 | BJ35: =SUMIF(Calcs!$A$2:$A$37,League!BJ9,Calcs!$F$2:$F$37) -> 5 | BK35: =SUMIF(Calcs!$A$2:$A$37,League!BK9,Calcs!$F$2:$F$37) -> 7 | BL35: =SUMIF(Calcs!$A$2:$A$37,League!BL9,Calcs!$F$2:$F$37) -> 14 | BM35: =SUMIF(Calcs!$A$2:$A$37,League!BM9,Calcs!$F$2:$F$37) -> 12 | BN35: =SUMIF(Calcs!$A$2:$A$37,League!BN9,Calcs!$F$2:$F$37) -> 11 | BO35: =SUMIF(Calcs!$A$2:$A$37,League!BO9,Calcs!$F$2:$F$37) -> 5 | BP35: =SUMIF(Calcs!$A$2:$A$37,League!BP9,Calcs!$F$2:$F$37) -> 15 | ... CR35: =SUMIF(Calcs!$A$2:$A$37,League!CR9,Calcs!$F$2:$F$37) -> 10
A36: 2 | B36: =Horarios!C36 -> 45931.875 | C36: =Horarios!C36 -> 45931.875 | D36: Napoli | E36: =INDEX(TablaEquipos[Badge],MATCH(D36,TablaEquipos[Team],0)) -> #VALUE! | G36: 2 | H36: 1 | J36: =INDEX(TablaEquipos[Badge],MATCH(K36,TablaEquipos[Team],0)) -> #VALUE! | K36: Sporting Portugal | N36: 35 | O36: =INDEX(TablaEquipos[],MATCH(P36,TablaEquipos[Team],0),MATCH($O$1,TablaEquipos[#Headers],0)) -> #VALUE! | P36: =IFERROR(INDEX(Calcs!A$2:A$37,MATCH($N36,Calcs!$CJ$2:$CJ$37,0)),"") -> Villarreal | Q36: =IFERROR(INDEX(Calcs!$B$2:$AB$37,MATCH($N36,Calcs!$CJ$2:$CJ$37,0),MATCH(Q$1,Calcs!$B$1:$AB$1,0)),"") -> 1 | R36: =IFERROR(INDEX(Calcs!$B$2:$AB$37,MATCH($N36,Calcs!$CJ$2:$CJ$37,0),MATCH(R$1,Calcs!$B$1:$AB$1,0)),"") -> 7 | S36: =IFERROR(INDEX(Calcs!$B$2:$AB$37,MATCH($N36,Calcs!$CJ$2:$CJ$37,0),MATCH(S$1,Calcs!$B$1:$AB$1,0)),"") -> 0 | T36: =IFERROR(INDEX(Calcs!$B$2:$AB$37,MATCH($N36,Calcs!$CJ$2:$CJ$37,0),MATCH(T$1,Calcs!$B$1:$AB$1,0)),"") -> 1 | U36: =IFERROR(INDEX(Calcs!$B$2:$AB$37,MATCH($N36,Calcs!$CJ$2:$CJ$37,0),MATCH(U$1,Calcs!$B$1:$AB$1,0)),"") -> 6 | V36: =IFERROR(INDEX(Calcs!$B$2:$AB$37,MATCH($N36,Calcs!$CJ$2:$CJ$37,0),MATCH(V$1,Calcs!$B$1:$AB$1,0)),"") -> 5 | W36: =IFERROR(INDEX(Calcs!$B$2:$AB$37,MATCH($N36,Calcs!$CJ$2:$CJ$37,0),MATCH(W$1,Calcs!$B$1:$AB$1,0)),"") -> 15 | X36: =IFERROR(INDEX(Calcs!$B$2:$AB$37,MATCH($N36,Calcs!$CJ$2:$CJ$37,0),MATCH(X$1,Calcs!$B$1:$AB$1,0)),"") -> -10 | ... AQ36: =IFERROR(INDEX(Calcs!$B$2:$AB$37,MATCH($N36,Calcs!$CJ$2:$CJ$37,0),MATCH(AQ$1,Calcs!$B$1:$AB$1,0)),"") -> 93 | AS36: =INDEX(Calcs!A$2:A$37,MATCH($N36,Calcs!$CF$2:$CF$37,0)) -> Villarreal | AU36: =INDEX(Calcs!$BZ$2:$BZ$37,MATCH($AS36,Calcs!$A$2:$A$37,0)) -> 35 | AV36: =COUNTIF($AU$2:$AU$37,$AU36) -> 1 | AW36: =AU36&"."&AV36 -> 35.1 | AZ36: =TablaEquipos[[#This Row],[Team]] -> Union Saint-Gilloise | BF36: =IF(OR(G36="",H36=""),"Pendiente",IF(G36>H36,"Local",IF(G36<H36,"Visitante","Empate"))) -> Local | BH36: GF Oponentes | BI36: =SUM(BI28:BI35) -> 79 | BJ36: =SUM(BJ28:BJ35) -> 85 | BK36: =SUM(BK28:BK35) -> 85 | BL36: =SUM(BL28:BL35) -> 116 | BM36: =SUM(BM28:BM35) -> 100 | BN36: =SUM(BN28:BN35) -> 95 | BO36: =SUM(BO28:BO35) -> 94 | BP36: =SUM(BP28:BP35) -> 106 | ... CR36: =SUM(CR28:CR35) -> 93
A37: 2 | B37: =Horarios!C37 -> 45931.875 | C37: =Horarios!C37 -> 45931.875 | D37: Villarreal | E37: =INDEX(TablaEquipos[Badge],MATCH(D37,TablaEquipos[Team],0)) -> #VALUE! | G37: 2 | H37: 2 | J37: =INDEX(TablaEquipos[Badge],MATCH(K37,TablaEquipos[Team],0)) -> #VALUE! | K37: Juventus | N37: 36 | O37: =INDEX(TablaEquipos[],MATCH(P37,TablaEquipos[Team],0),MATCH($O$1,TablaEquipos[#Headers],0)) -> #VALUE! | P37: =IFERROR(INDEX(Calcs!A$2:A$37,MATCH($N37,Calcs!$CJ$2:$CJ$37,0)),"") -> Kairat Almaty | Q37: =IFERROR(INDEX(Calcs!$B$2:$AB$37,MATCH($N37,Calcs!$CJ$2:$CJ$37,0),MATCH(Q$1,Calcs!$B$1:$AB$1,0)),"") -> 1 | R37: =IFERROR(INDEX(Calcs!$B$2:$AB$37,MATCH($N37,Calcs!$CJ$2:$CJ$37,0),MATCH(R$1,Calcs!$B$1:$AB$1,0)),"") -> 7 | S37: =IFERROR(INDEX(Calcs!$B$2:$AB$37,MATCH($N37,Calcs!$CJ$2:$CJ$37,0),MATCH(S$1,Calcs!$B$1:$AB$1,0)),"") -> 0 | T37: =IFERROR(INDEX(Calcs!$B$2:$AB$37,MATCH($N37,Calcs!$CJ$2:$CJ$37,0),MATCH(T$1,Calcs!$B$1:$AB$1,0)),"") -> 1 | U37: =IFERROR(INDEX(Calcs!$B$2:$AB$37,MATCH($N37,Calcs!$CJ$2:$CJ$37,0),MATCH(U$1,Calcs!$B$1:$AB$1,0)),"") -> 6 | V37: =IFERROR(INDEX(Calcs!$B$2:$AB$37,MATCH($N37,Calcs!$CJ$2:$CJ$37,0),MATCH(V$1,Calcs!$B$1:$AB$1,0)),"") -> 5 | W37: =IFERROR(INDEX(Calcs!$B$2:$AB$37,MATCH($N37,Calcs!$CJ$2:$CJ$37,0),MATCH(W$1,Calcs!$B$1:$AB$1,0)),"") -> 19 | X37: =IFERROR(INDEX(Calcs!$B$2:$AB$37,MATCH($N37,Calcs!$CJ$2:$CJ$37,0),MATCH(X$1,Calcs!$B$1:$AB$1,0)),"") -> -14 | ... AQ37: =IFERROR(INDEX(Calcs!$B$2:$AB$37,MATCH($N37,Calcs!$CJ$2:$CJ$37,0),MATCH(AQ$1,Calcs!$B$1:$AB$1,0)),"") -> 101 | AS37: =INDEX(Calcs!A$2:A$37,MATCH($N37,Calcs!$CF$2:$CF$37,0)) -> Kairat Almaty | AU37: =INDEX(Calcs!$BZ$2:$BZ$37,MATCH($AS37,Calcs!$A$2:$A$37,0)) -> 36 | AV37: =COUNTIF($AU$2:$AU$37,$AU37) -> 1 | AW37: =AU37&"."&AV37 -> 36.1 | AZ37: =TablaEquipos[[#This Row],[Team]] -> Villarreal | BF37: =IF(OR(G37="",H37=""),"Pendiente",IF(G37>H37,"Local",IF(G37<H37,"Visitante","Empate"))) -> Empate
A38: 3 | B38: =Horarios!C38 -> 45951.781 | C38: =Horarios!C38 -> 45951.781 | D38: Barcelona | E38: =INDEX(TablaEquipos[Badge],MATCH(D38,TablaEquipos[Team],0)) -> #VALUE! | G38: 6 | H38: 1 | J38: =INDEX(TablaEquipos[Badge],MATCH(K38,TablaEquipos[Team],0)) -> #VALUE! | K38: Olympiakos | L38: ^ | BF38: =IF(OR(G38="",H38=""),"Pendiente",IF(G38>H38,"Local",IF(G38<H38,"Visitante","Empate"))) -> Local
A39: 3 | B39: =Horarios!C39 -> 45951.781 | C39: =Horarios!C39 -> 45951.781 | D39: Kairat Almaty | E39: =INDEX(TablaEquipos[Badge],MATCH(D39,TablaEquipos[Team],0)) -> #VALUE! | G39: 0 | H39: 0 | J39: =INDEX(TablaEquipos[Badge],MATCH(K39,TablaEquipos[Team],0)) -> #VALUE! | K39: Pafos | BF39: =IF(OR(G39="",H39=""),"Pendiente",IF(G39>H39,"Local",IF(G39<H39,"Visitante","Empate"))) -> Empate
A40: 3 | B40: =Horarios!C40 -> 45951.875 | C40: =Horarios!C40 -> 45951.875 | D40: Arsenal | E40: =INDEX(TablaEquipos[Badge],MATCH(D40,TablaEquipos[Team],0)) -> #VALUE! | G40: 4 | H40: 0 | J40: =INDEX(TablaEquipos[Badge],MATCH(K40,TablaEquipos[Team],0)) -> #VALUE! | K40: Atlético Madrid | P40: If two or more teams are equal on points on completion of the league phase matches, the following criteria are applied, in this order, to determine their rankings: | BF40: =IF(OR(G40="",H40=""),"Pendiente",IF(G40>H40,"Local",IF(G40<H40,"Visitante","Empate"))) -> Local
A41: 3 | B41: =Horarios!C41 -> 45951.875 | C41: =Horarios!C41 -> 45951.875 | D41: Bayer Leverkusen | E41: =INDEX(TablaEquipos[Badge],MATCH(D41,TablaEquipos[Team],0)) -> #VALUE! | G41: 2 | H41: 7 | J41: =INDEX(TablaEquipos[Badge],MATCH(K41,TablaEquipos[Team],0)) -> #VALUE! | K41: PSG | P41: a) Superior goal difference in the league phase | BF41: =IF(OR(G41="",H41=""),"Pendiente",IF(G41>H41,"Local",IF(G41<H41,"Visitante","Empate"))) -> Visitante
A42: 3 | B42: =Horarios!C42 -> 45951.875 | C42: =Horarios!C42 -> 45951.875 | D42: Copenhagen | E42: =INDEX(TablaEquipos[Badge],MATCH(D42,TablaEquipos[Team],0)) -> #VALUE! | G42: 2 | H42: 4 | J42: =INDEX(TablaEquipos[Badge],MATCH(K42,TablaEquipos[Team],0)) -> #VALUE! | K42: Borussia Dortmund | P42: b) Higher number of goals scored in the league phase | BF42: =IF(OR(G42="",H42=""),"Pendiente",IF(G42>H42,"Local",IF(G42<H42,"Visitante","Empate"))) -> Visitante
A43: 3 | B43: =Horarios!C43 -> 45951.875 | C43: =Horarios!C43 -> 45951.875 | D43: Newcastle | E43: =INDEX(TablaEquipos[Badge],MATCH(D43,TablaEquipos[Team],0)) -> #VALUE! | G43: 3 | H43: 0 | J43: =INDEX(TablaEquipos[Badge],MATCH(K43,TablaEquipos[Team],0)) -> #VALUE! | K43: Benfica | P43: c) Higher number of away goals scored in the league phase | BF43: =IF(OR(G43="",H43=""),"Pendiente",IF(G43>H43,"Local",IF(G43<H43,"Visitante","Empate"))) -> Local
A44: 3 | B44: =Horarios!C44 -> 45951.875 | C44: =Horarios!C44 -> 45951.875 | D44: PSV Eindhoven | E44: =INDEX(TablaEquipos[Badge],MATCH(D44,TablaEquipos[Team],0)) -> #VALUE! | G44: 6 | H44: 2 | J44: =INDEX(TablaEquipos[Badge],MATCH(K44,TablaEquipos[Team],0)) -> #VALUE! | K44: Napoli | P44: d) Higher number of wins in the league phase | BF44: =IF(OR(G44="",H44=""),"Pendiente",IF(G44>H44,"Local",IF(G44<H44,"Visitante","Empate"))) -> Local
A45: 3 | B45: =Horarios!C45 -> 45951.875 | C45: =Horarios!C45 -> 45951.875 | D45: Union Saint-Gilloise | E45: =INDEX(TablaEquipos[Badge],MATCH(D45,TablaEquipos[Team],0)) -> #VALUE! | G45: 0 | H45: 4 | J45: =INDEX(TablaEquipos[Badge],MATCH(K45,TablaEquipos[Team],0)) -> #VALUE! | K45: Inter Milan | P45: e) Higher number of away wins in the league phase | BF45: =IF(OR(G45="",H45=""),"Pendiente",IF(G45>H45,"Local",IF(G45<H45,"Visitante","Empate"))) -> Visitante
A46: 3 | B46: =Horarios!C46 -> 45951.875 | C46: =Horarios!C46 -> 45951.875 | D46: Villarreal | E46: =INDEX(TablaEquipos[Badge],MATCH(D46,TablaEquipos[Team],0)) -> #VALUE! | G46: 0 | H46: 2 | J46: =INDEX(TablaEquipos[Badge],MATCH(K46,TablaEquipos[Team],0)) -> #VALUE! | K46: Manchester City | P46: f) Higher number of points obtained collectively by league phase opponents | BF46: =IF(OR(G46="",H46=""),"Pendiente",IF(G46>H46,"Local",IF(G46<H46,"Visitante","Empate"))) -> Visitante
A47: 3 | B47: =Horarios!C47 -> 45952.781 | C47: =Horarios!C47 -> 45952.781 | D47: Athletic Bilbao | E47: =INDEX(TablaEquipos[Badge],MATCH(D47,TablaEquipos[Team],0)) -> #VALUE! | G47: 3 | H47: 1 | J47: =INDEX(TablaEquipos[Badge],MATCH(K47,TablaEquipos[Team],0)) -> #VALUE! | K47: Qarabağ | P47: g) Superior collective goal difference of league phase opponents | BF47: =IF(OR(G47="",H47=""),"Pendiente",IF(G47>H47,"Local",IF(G47<H47,"Visitante","Empate"))) -> Local
A48: 3 | B48: =Horarios!C48 -> 45952.781 | C48: =Horarios!C48 -> 45952.781 | D48: Galatasaray | E48: =INDEX(TablaEquipos[Badge],MATCH(D48,TablaEquipos[Team],0)) -> #VALUE! | G48: 3 | H48: 1 | J48: =INDEX(TablaEquipos[Badge],MATCH(K48,TablaEquipos[Team],0)) -> #VALUE! | K48: Bodø/Glimt | P48: h) Higher number of goals scored collectively by league phase opponents | BF48: =IF(OR(G48="",H48=""),"Pendiente",IF(G48>H48,"Local",IF(G48<H48,"Visitante","Empate"))) -> Local
A49: 3 | B49: =Horarios!C49 -> 45952.875 | C49: =Horarios!C49 -> 45952.875 | D49: Monaco | E49: =INDEX(TablaEquipos[Badge],MATCH(D49,TablaEquipos[Team],0)) -> #VALUE! | G49: 0 | H49: 0 | J49: =INDEX(TablaEquipos[Badge],MATCH(K49,TablaEquipos[Team],0)) -> #VALUE! | K49: Tottenham | P49: We don't use i) and j), but if they still in equality, you can choose the order manually at the right of the standing table | BF49: =IF(OR(G49="",H49=""),"Pendiente",IF(G49>H49,"Local",IF(G49<H49,"Visitante","Empate"))) -> Empate
A50: 3 | B50: =Horarios!C50 -> 45952.875 | C50: =Horarios!C50 -> 45952.875 | D50: Atalanta | E50: =INDEX(TablaEquipos[Badge],MATCH(D50,TablaEquipos[Team],0)) -> #VALUE! | G50: 0 | H50: 0 | J50: =INDEX(TablaEquipos[Badge],MATCH(K50,TablaEquipos[Team],0)) -> #VALUE! | K50: Slavia Praha | P50: i)Lower disciplinary points total based only on yellow and red cards received by players and team officials in all league phase matches (red card = 3 points, yellow card = 1 point, expulsion for two yellow cards in one match = 3 points) | BF50: =IF(OR(G50="",H50=""),"Pendiente",IF(G50>H50,"Local",IF(G50<H50,"Visitante","Empate"))) -> Empate
A51: 3 | B51: =Horarios!C51 -> 45952.875 | C51: =Horarios!C51 -> 45952.875 | D51: Chelsea | E51: =INDEX(TablaEquipos[Badge],MATCH(D51,TablaEquipos[Team],0)) -> #VALUE! | G51: 5 | H51: 1 | J51: =INDEX(TablaEquipos[Badge],MATCH(K51,TablaEquipos[Team],0)) -> #VALUE! | K51: Ajax | P51: j) Higher club coefficient | BF51: =IF(OR(G51="",H51=""),"Pendiente",IF(G51>H51,"Local",IF(G51<H51,"Visitante","Empate"))) -> Local
A52: 3 | B52: =Horarios!C52 -> 45952.875 | C52: =Horarios!C52 -> 45952.875 | D52: Eintracht Frankfurt | E52: =INDEX(TablaEquipos[Badge],MATCH(D52,TablaEquipos[Team],0)) -> #VALUE! | G52: 1 | H52: 5 | J52: =INDEX(TablaEquipos[Badge],MATCH(K52,TablaEquipos[Team],0)) -> #VALUE! | K52: Liverpool | BF52: =IF(OR(G52="",H52=""),"Pendiente",IF(G52>H52,"Local",IF(G52<H52,"Visitante","Empate"))) -> Visitante
A53: 3 | B53: =Horarios!C53 -> 45952.875 | C53: =Horarios!C53 -> 45952.875 | D53: Bayern München | E53: =INDEX(TablaEquipos[Badge],MATCH(D53,TablaEquipos[Team],0)) -> #VALUE! | G53: 4 | H53: 0 | J53: =INDEX(TablaEquipos[Badge],MATCH(K53,TablaEquipos[Team],0)) -> #VALUE! | K53: Brugge | BF53: =IF(OR(G53="",H53=""),"Pendiente",IF(G53>H53,"Local",IF(G53<H53,"Visitante","Empate"))) -> Local
A54: 3 | B54: =Horarios!C54 -> 45952.875 | C54: =Horarios!C54 -> 45952.875 | D54: Real Madrid | E54: =INDEX(TablaEquipos[Badge],MATCH(D54,TablaEquipos[Team],0)) -> #VALUE! | G54: 1 | H54: 0 | J54: =INDEX(TablaEquipos[Badge],MATCH(K54,TablaEquipos[Team],0)) -> #VALUE! | K54: Juventus | BF54: =IF(OR(G54="",H54=""),"Pendiente",IF(G54>H54,"Local",IF(G54<H54,"Visitante","Empate"))) -> Local
A55: 3 | B55: =Horarios!C55 -> 45952.875 | C55: =Horarios!C55 -> 45952.875 | D55: Sporting Portugal | E55: =INDEX(TablaEquipos[Badge],MATCH(D55,TablaEquipos[Team],0)) -> #VALUE! | G55: 2 | H55: 1 | J55: =INDEX(TablaEquipos[Badge],MATCH(K55,TablaEquipos[Team],0)) -> #VALUE! | K55: Marseille | BF55: =IF(OR(G55="",H55=""),"Pendiente",IF(G55>H55,"Local",IF(G55<H55,"Visitante","Empate"))) -> Local
A56: 4 | B56: =Horarios!C56 -> 45965.781 | C56: =Horarios!C56 -> 45965.781 | D56: Slavia Praha | E56: =INDEX(TablaEquipos[Badge],MATCH(D56,TablaEquipos[Team],0)) -> #VALUE! | G56: 0 | H56: 3 | J56: =INDEX(TablaEquipos[Badge],MATCH(K56,TablaEquipos[Team],0)) -> #VALUE! | K56: Arsenal | L56: ^ | BF56: =IF(OR(G56="",H56=""),"Pendiente",IF(G56>H56,"Local",IF(G56<H56,"Visitante","Empate"))) -> Visitante
A57: 4 | B57: =Horarios!C57 -> 45965.781 | C57: =Horarios!C57 -> 45965.781 | D57: Napoli | E57: =INDEX(TablaEquipos[Badge],MATCH(D57,TablaEquipos[Team],0)) -> #VALUE! | G57: 0 | H57: 0 | J57: =INDEX(TablaEquipos[Badge],MATCH(K57,TablaEquipos[Team],0)) -> #VALUE! | K57: Eintracht Frankfurt | BF57: =IF(OR(G57="",H57=""),"Pendiente",IF(G57>H57,"Local",IF(G57<H57,"Visitante","Empate"))) -> Empate
A58: 4 | B58: =Horarios!C58 -> 45965.875 | C58: =Horarios!C58 -> 45965.875 | D58: Atlético Madrid | E58: =INDEX(TablaEquipos[Badge],MATCH(D58,TablaEquipos[Team],0)) -> #VALUE! | G58: 3 | H58: 1 | J58: =INDEX(TablaEquipos[Badge],MATCH(K58,TablaEquipos[Team],0)) -> #VALUE! | K58: Union Saint-Gilloise | BF58: =IF(OR(G58="",H58=""),"Pendiente",IF(G58>H58,"Local",IF(G58<H58,"Visitante","Empate"))) -> Local
A59: 4 | B59: =Horarios!C59 -> 45965.875 | C59: =Horarios!C59 -> 45965.875 | D59: Bodø/Glimt | E59: =INDEX(TablaEquipos[Badge],MATCH(D59,TablaEquipos[Team],0)) -> #VALUE! | G59: 0 | H59: 1 | J59: =INDEX(TablaEquipos[Badge],MATCH(K59,TablaEquipos[Team],0)) -> #VALUE! | K59: Monaco | BF59: =IF(OR(G59="",H59=""),"Pendiente",IF(G59>H59,"Local",IF(G59<H59,"Visitante","Empate"))) -> Visitante
A60: 4 | B60: =Horarios!C60 -> 45965.875 | C60: =Horarios!C60 -> 45965.875 | D60: Juventus | E60: =INDEX(TablaEquipos[Badge],MATCH(D60,TablaEquipos[Team],0)) -> #VALUE! | G60: 1 | H60: 1 | J60: =INDEX(TablaEquipos[Badge],MATCH(K60,TablaEquipos[Team],0)) -> #VALUE! | K60: Sporting Portugal | BF60: =IF(OR(G60="",H60=""),"Pendiente",IF(G60>H60,"Local",IF(G60<H60,"Visitante","Empate"))) -> Empate
A61: 4 | B61: =Horarios!C61 -> 45965.875 | C61: =Horarios!C61 -> 45965.875 | D61: Liverpool | E61: =INDEX(TablaEquipos[Badge],MATCH(D61,TablaEquipos[Team],0)) -> #VALUE! | G61: 1 | H61: 0 | J61: =INDEX(TablaEquipos[Badge],MATCH(K61,TablaEquipos[Team],0)) -> #VALUE! | K61: Real Madrid | BF61: =IF(OR(G61="",H61=""),"Pendiente",IF(G61>H61,"Local",IF(G61<H61,"Visitante","Empate"))) -> Local
A62: 4 | B62: =Horarios!C62 -> 45965.875 | C62: =Horarios!C62 -> 45965.875 | D62: Olympiakos | E62: =INDEX(TablaEquipos[Badge],MATCH(D62,TablaEquipos[Team],0)) -> #VALUE! | G62: 1 | H62: 1 | J62: =INDEX(TablaEquipos[Badge],MATCH(K62,TablaEquipos[Team],0)) -> #VALUE! | K62: PSV Eindhoven | BF62: =IF(OR(G62="",H62=""),"Pendiente",IF(G62>H62,"Local",IF(G62<H62,"Visitante","Empate"))) -> Empate
A63: 4 | B63: =Horarios!C63 -> 45965.875 | C63: =Horarios!C63 -> 45965.875 | D63: PSG | E63: =INDEX(TablaEquipos[Badge],MATCH(D63,TablaEquipos[Team],0)) -> #VALUE! | G63: 1 | H63: 2 | J63: =INDEX(TablaEquipos[Badge],MATCH(K63,TablaEquipos[Team],0)) -> #VALUE! | K63: Bayern München | BF63: =IF(OR(G63="",H63=""),"Pendiente",IF(G63>H63,"Local",IF(G63<H63,"Visitante","Empate"))) -> Visitante
A64: 4 | B64: =Horarios!C64 -> 45965.875 | C64: =Horarios!C64 -> 45965.875 | D64: Tottenham | E64: =INDEX(TablaEquipos[Badge],MATCH(D64,TablaEquipos[Team],0)) -> #VALUE! | G64: 4 | H64: 0 | J64: =INDEX(TablaEquipos[Badge],MATCH(K64,TablaEquipos[Team],0)) -> #VALUE! | K64: Copenhagen | BF64: =IF(OR(G64="",H64=""),"Pendiente",IF(G64>H64,"Local",IF(G64<H64,"Visitante","Empate"))) -> Local
A65: 4 | B65: =Horarios!C65 -> 45966.781 | C65: =Horarios!C65 -> 45966.781 | D65: Pafos | E65: =INDEX(TablaEquipos[Badge],MATCH(D65,TablaEquipos[Team],0)) -> #VALUE! | G65: 1 | H65: 0 | J65: =INDEX(TablaEquipos[Badge],MATCH(K65,TablaEquipos[Team],0)) -> #VALUE! | K65: Villarreal | BF65: =IF(OR(G65="",H65=""),"Pendiente",IF(G65>H65,"Local",IF(G65<H65,"Visitante","Empate"))) -> Local
A66: 4 | B66: =Horarios!C66 -> 45966.781 | C66: =Horarios!C66 -> 45966.781 | D66: Qarabağ | E66: =INDEX(TablaEquipos[Badge],MATCH(D66,TablaEquipos[Team],0)) -> #VALUE! | G66: 2 | H66: 2 | J66: =INDEX(TablaEquipos[Badge],MATCH(K66,TablaEquipos[Team],0)) -> #VALUE! | K66: Chelsea | BF66: =IF(OR(G66="",H66=""),"Pendiente",IF(G66>H66,"Local",IF(G66<H66,"Visitante","Empate"))) -> Empate
A67: 4 | B67: =Horarios!C67 -> 45966.875 | C67: =Horarios!C67 -> 45966.875 | D67: Ajax | E67: =INDEX(TablaEquipos[Badge],MATCH(D67,TablaEquipos[Team],0)) -> #VALUE! | G67: 0 | H67: 3 | J67: =INDEX(TablaEquipos[Badge],MATCH(K67,TablaEquipos[Team],0)) -> #VALUE! | K67: Galatasaray | BF67: =IF(OR(G67="",H67=""),"Pendiente",IF(G67>H67,"Local",IF(G67<H67,"Visitante","Empate"))) -> Visitante
A68: 4 | B68: =Horarios!C68 -> 45966.875 | C68: =Horarios!C68 -> 45966.875 | D68: Brugge | E68: =INDEX(TablaEquipos[Badge],MATCH(D68,TablaEquipos[Team],0)) -> #VALUE! | G68: 3 | H68: 3 | J68: =INDEX(TablaEquipos[Badge],MATCH(K68,TablaEquipos[Team],0)) -> #VALUE! | K68: Barcelona | BF68: =IF(OR(G68="",H68=""),"Pendiente",IF(G68>H68,"Local",IF(G68<H68,"Visitante","Empate"))) -> Empate
... A73: 4 | B73: =Horarios!C73 -> 45966.875 | C73: =Horarios!C73 -> 45966.875 | D73: Benfica | E73: =INDEX(TablaEquipos[Badge],MATCH(D73,TablaEquipos[Team],0)) -> #VALUE! | G73: 0 | H73: 1 | J73: =INDEX(TablaEquipos[Badge],MATCH(K73,TablaEquipos[Team],0)) -> #VALUE! | K73: Bayer Leverkusen | BF73: =IF(OR(G73="",H73=""),"Pendiente",IF(G73>H73,"Local",IF(G73<H73,"Visitante","Empate"))) -> Visitante
A74: 5 | B74: =Horarios!C74 -> 45986.781 | C74: =Horarios!C74 -> 45986.781 | D74: Ajax | E74: =INDEX(TablaEquipos[Badge],MATCH(D74,TablaEquipos[Team],0)) -> #VALUE! | G74: 0 | H74: 2 | J74: =INDEX(TablaEquipos[Badge],MATCH(K74,TablaEquipos[Team],0)) -> #VALUE! | K74: Benfica | L74: ^ | BF74: =IF(OR(G74="",H74=""),"Pendiente",IF(G74>H74,"Local",IF(G74<H74,"Visitante","Empate"))) -> Visitante
A75: 5 | B75: =Horarios!C75 -> 45986.781 | C75: =Horarios!C75 -> 45986.781 | D75: Galatasaray | E75: =INDEX(TablaEquipos[Badge],MATCH(D75,TablaEquipos[Team],0)) -> #VALUE! | G75: 0 | H75: 1 | J75: =INDEX(TablaEquipos[Badge],MATCH(K75,TablaEquipos[Team],0)) -> #VALUE! | K75: Union Saint-Gilloise | BF75: =IF(OR(G75="",H75=""),"Pendiente",IF(G75>H75,"Local",IF(G75<H75,"Visitante","Empate"))) -> Visitante
A76: 5 | B76: =Horarios!C76 -> 45986.875 | C76: =Horarios!C76 -> 45986.875 | D76: Borussia Dortmund | E76: =INDEX(TablaEquipos[Badge],MATCH(D76,TablaEquipos[Team],0)) -> #VALUE! | G76: 4 | H76: 0 | J76: =INDEX(TablaEquipos[Badge],MATCH(K76,TablaEquipos[Team],0)) -> #VALUE! | K76: Villarreal | BF76: =IF(OR(G76="",H76=""),"Pendiente",IF(G76>H76,"Local",IF(G76<H76,"Visitante","Empate"))) -> Local
A77: 5 | B77: =Horarios!C77 -> 45986.875 | C77: =Horarios!C77 -> 45986.875 | D77: Chelsea | E77: =INDEX(TablaEquipos[Badge],MATCH(D77,TablaEquipos[Team],0)) -> #VALUE! | G77: 3 | H77: 0 | J77: =INDEX(TablaEquipos[Badge],MATCH(K77,TablaEquipos[Team],0)) -> #VALUE! | K77: Barcelona | BF77: =IF(OR(G77="",H77=""),"Pendiente",IF(G77>H77,"Local",IF(G77<H77,"Visitante","Empate"))) -> Local
A78: 5 | B78: =Horarios!C78 -> 45986.875 | C78: =Horarios!C78 -> 45986.875 | D78: Bodø/Glimt | E78: =INDEX(TablaEquipos[Badge],MATCH(D78,TablaEquipos[Team],0)) -> #VALUE! | G78: 2 | H78: 3 | J78: =INDEX(TablaEquipos[Badge],MATCH(K78,TablaEquipos[Team],0)) -> #VALUE! | K78: Juventus | BF78: =IF(OR(G78="",H78=""),"Pendiente",IF(G78>H78,"Local",IF(G78<H78,"Visitante","Empate"))) -> Visitante
A79: 5 | B79: =Horarios!C79 -> 45986.875 | C79: =Horarios!C79 -> 45986.875 | D79: Manchester City | E79: =INDEX(TablaEquipos[Badge],MATCH(D79,TablaEquipos[Team],0)) -> #VALUE! | G79: 0 | H79: 2 | J79: =INDEX(TablaEquipos[Badge],MATCH(K79,TablaEquipos[Team],0)) -> #VALUE! | K79: Bayer Leverkusen | BF79: =IF(OR(G79="",H79=""),"Pendiente",IF(G79>H79,"Local",IF(G79<H79,"Visitante","Empate"))) -> Visitante
A80: 5 | B80: =Horarios!C80 -> 45986.875 | C80: =Horarios!C80 -> 45986.875 | D80: Marseille | E80: =INDEX(TablaEquipos[Badge],MATCH(D80,TablaEquipos[Team],0)) -> #VALUE! | G80: 2 | H80: 1 | J80: =INDEX(TablaEquipos[Badge],MATCH(K80,TablaEquipos[Team],0)) -> #VALUE! | K80: Newcastle | BF80: =IF(OR(G80="",H80=""),"Pendiente",IF(G80>H80,"Local",IF(G80<H80,"Visitante","Empate"))) -> Local
A81: 5 | B81: =Horarios!C81 -> 45986.875 | C81: =Horarios!C81 -> 45986.875 | D81: Slavia Praha | E81: =INDEX(TablaEquipos[Badge],MATCH(D81,TablaEquipos[Team],0)) -> #VALUE! | G81: 0 | H81: 0 | J81: =INDEX(TablaEquipos[Badge],MATCH(K81,TablaEquipos[Team],0)) -> #VALUE! | K81: Athletic Bilbao | BF81: =IF(OR(G81="",H81=""),"Pendiente",IF(G81>H81,"Local",IF(G81<H81,"Visitante","Empate"))) -> Empate
A82: 5 | B82: =Horarios!C82 -> 45986.875 | C82: =Horarios!C82 -> 45986.875 | D82: Napoli | E82: =INDEX(TablaEquipos[Badge],MATCH(D82,TablaEquipos[Team],0)) -> #VALUE! | G82: 2 | H82: 0 | J82: =INDEX(TablaEquipos[Badge],MATCH(K82,TablaEquipos[Team],0)) -> #VALUE! | K82: Qarabağ | BF82: =IF(OR(G82="",H82=""),"Pendiente",IF(G82>H82,"Local",IF(G82<H82,"Visitante","Empate"))) -> Local
A83: 5 | B83: =Horarios!C83 -> 45987.781 | C83: =Horarios!C83 -> 45987.781 | D83: Copenhagen | E83: =INDEX(TablaEquipos[Badge],MATCH(D83,TablaEquipos[Team],0)) -> #VALUE! | G83: 3 | H83: 2 | J83: =INDEX(TablaEquipos[Badge],MATCH(K83,TablaEquipos[Team],0)) -> #VALUE! | K83: Kairat Almaty | BF83: =IF(OR(G83="",H83=""),"Pendiente",IF(G83>H83,"Local",IF(G83<H83,"Visitante","Empate"))) -> Local
A84: 5 | B84: =Horarios!C84 -> 45987.781 | C84: =Horarios!C84 -> 45987.781 | D84: Pafos | E84: =INDEX(TablaEquipos[Badge],MATCH(D84,TablaEquipos[Team],0)) -> #VALUE! | G84: 2 | H84: 2 | J84: =INDEX(TablaEquipos[Badge],MATCH(K84,TablaEquipos[Team],0)) -> #VALUE! | K84: Monaco | BF84: =IF(OR(G84="",H84=""),"Pendiente",IF(G84>H84,"Local",IF(G84<H84,"Visitante","Empate"))) -> Empate
A85: 5 | B85: =Horarios!C85 -> 45987.875 | C85: =Horarios!C85 -> 45987.875 | D85: Arsenal | E85: =INDEX(TablaEquipos[Badge],MATCH(D85,TablaEquipos[Team],0)) -> #VALUE! | G85: 3 | H85: 1 | J85: =INDEX(TablaEquipos[Badge],MATCH(K85,TablaEquipos[Team],0)) -> #VALUE! | K85: Bayern München | BF85: =IF(OR(G85="",H85=""),"Pendiente",IF(G85>H85,"Local",IF(G85<H85,"Visitante","Empate"))) -> Local
A86: 5 | B86: =Horarios!C86 -> 45987.875 | C86: =Horarios!C86 -> 45987.875 | D86: Atlético Madrid | E86: =INDEX(TablaEquipos[Badge],MATCH(D86,TablaEquipos[Team],0)) -> #VALUE! | G86: 2 | H86: 1 | J86: =INDEX(TablaEquipos[Badge],MATCH(K86,TablaEquipos[Team],0)) -> #VALUE! | K86: Inter Milan | BF86: =IF(OR(G86="",H86=""),"Pendiente",IF(G86>H86,"Local",IF(G86<H86,"Visitante","Empate"))) -> Local
... A91: 5 | B91: =Horarios!C91 -> 45987.875 | C91: =Horarios!C91 -> 45987.875 | D91: Sporting Portugal | E91: =INDEX(TablaEquipos[Badge],MATCH(D91,TablaEquipos[Team],0)) -> #VALUE! | G91: 3 | H91: 0 | J91: =INDEX(TablaEquipos[Badge],MATCH(K91,TablaEquipos[Team],0)) -> #VALUE! | K91: Brugge | BF91: =IF(OR(G91="",H91=""),"Pendiente",IF(G91>H91,"Local",IF(G91<H91,"Visitante","Empate"))) -> Local
A92: 6 | B92: =Horarios!C92 -> 46000.688 | C92: =Horarios!C92 -> 46000.688 | D92: Kairat Almaty | E92: =INDEX(TablaEquipos[Badge],MATCH(D92,TablaEquipos[Team],0)) -> #VALUE! | G92: 0 | H92: 1 | J92: =INDEX(TablaEquipos[Badge],MATCH(K92,TablaEquipos[Team],0)) -> #VALUE! | K92: Olympiakos | L92: ^ | BF92: =IF(OR(G92="",H92=""),"Pendiente",IF(G92>H92,"Local",IF(G92<H92,"Visitante","Empate"))) -> Visitante
A93: 6 | B93: =Horarios!C93 -> 46000.781 | C93: =Horarios!C93 -> 46000.781 | D93: Bayern München | E93: =INDEX(TablaEquipos[Badge],MATCH(D93,TablaEquipos[Team],0)) -> #VALUE! | G93: 3 | H93: 1 | J93: =INDEX(TablaEquipos[Badge],MATCH(K93,TablaEquipos[Team],0)) -> #VALUE! | K93: Sporting Portugal | BF93: =IF(OR(G93="",H93=""),"Pendiente",IF(G93>H93,"Local",IF(G93<H93,"Visitante","Empate"))) -> Local
A94: 6 | B94: =Horarios!C94 -> 46000.875 | C94: =Horarios!C94 -> 46000.875 | D94: Monaco | E94: =INDEX(TablaEquipos[Badge],MATCH(D94,TablaEquipos[Team],0)) -> #VALUE! | G94: 1 | H94: 0 | J94: =INDEX(TablaEquipos[Badge],MATCH(K94,TablaEquipos[Team],0)) -> #VALUE! | K94: Galatasaray | BF94: =IF(OR(G94="",H94=""),"Pendiente",IF(G94>H94,"Local",IF(G94<H94,"Visitante","Empate"))) -> Local
A95: 6 | B95: =Horarios!C95 -> 46000.875 | C95: =Horarios!C95 -> 46000.875 | D95: Atalanta | E95: =INDEX(TablaEquipos[Badge],MATCH(D95,TablaEquipos[Team],0)) -> #VALUE! | G95: 2 | H95: 1 | J95: =INDEX(TablaEquipos[Badge],MATCH(K95,TablaEquipos[Team],0)) -> #VALUE! | K95: Chelsea | BF95: =IF(OR(G95="",H95=""),"Pendiente",IF(G95>H95,"Local",IF(G95<H95,"Visitante","Empate"))) -> Local
A96: 6 | B96: =Horarios!C96 -> 46000.875 | C96: =Horarios!C96 -> 46000.875 | D96: Barcelona | E96: =INDEX(TablaEquipos[Badge],MATCH(D96,TablaEquipos[Team],0)) -> #VALUE! | G96: 2 | H96: 1 | J96: =INDEX(TablaEquipos[Badge],MATCH(K96,TablaEquipos[Team],0)) -> #VALUE! | K96: Eintracht Frankfurt | BF96: =IF(OR(G96="",H96=""),"Pendiente",IF(G96>H96,"Local",IF(G96<H96,"Visitante","Empate"))) -> Local
A97: 6 | B97: =Horarios!C97 -> 46000.875 | C97: =Horarios!C97 -> 46000.875 | D97: Inter Milan | E97: =INDEX(TablaEquipos[Badge],MATCH(D97,TablaEquipos[Team],0)) -> #VALUE! | G97: 0 | H97: 1 | J97: =INDEX(TablaEquipos[Badge],MATCH(K97,TablaEquipos[Team],0)) -> #VALUE! | K97: Liverpool | BF97: =IF(OR(G97="",H97=""),"Pendiente",IF(G97>H97,"Local",IF(G97<H97,"Visitante","Empate"))) -> Visitante
A98: 6 | B98: =Horarios!C98 -> 46000.875 | C98: =Horarios!C98 -> 46000.875 | D98: PSV Eindhoven | E98: =INDEX(TablaEquipos[Badge],MATCH(D98,TablaEquipos[Team],0)) -> #VALUE! | G98: 2 | H98: 3 | J98: =INDEX(TablaEquipos[Badge],MATCH(K98,TablaEquipos[Team],0)) -> #VALUE! | K98: Atlético Madrid | BF98: =IF(OR(G98="",H98=""),"Pendiente",IF(G98>H98,"Local",IF(G98<H98,"Visitante","Empate"))) -> Visitante
A99: 6 | B99: =Horarios!C99 -> 46000.875 | C99: =Horarios!C99 -> 46000.875 | D99: Union Saint-Gilloise | E99: =INDEX(TablaEquipos[Badge],MATCH(D99,TablaEquipos[Team],0)) -> #VALUE! | G99: 2 | H99: 3 | J99: =INDEX(TablaEquipos[Badge],MATCH(K99,TablaEquipos[Team],0)) -> #VALUE! | K99: Marseille | BF99: =IF(OR(G99="",H99=""),"Pendiente",IF(G99>H99,"Local",IF(G99<H99,"Visitante","Empate"))) -> Visitante
A100: 6 | B100: =Horarios!C100 -> 46000.875 | C100: =Horarios!C100 -> 46000.875 | D100: Tottenham | E100: =INDEX(TablaEquipos[Badge],MATCH(D100,TablaEquipos[Team],0)) -> #VALUE! | G100: 3 | H100: 0 | J100: =INDEX(TablaEquipos[Badge],MATCH(K100,TablaEquipos[Team],0)) -> #VALUE! | K100: Slavia Praha | BF100: =IF(OR(G100="",H100=""),"Pendiente",IF(G100>H100,"Local",IF(G100<H100,"Visitante","Empate"))) -> Local
A101: 6 | B101: =Horarios!C101 -> 46001.781 | C101: =Horarios!C101 -> 46001.781 | D101: Qarabağ | E101: =INDEX(TablaEquipos[Badge],MATCH(D101,TablaEquipos[Team],0)) -> #VALUE! | G101: 2 | H101: 4 | J101: =INDEX(TablaEquipos[Badge],MATCH(K101,TablaEquipos[Team],0)) -> #VALUE! | K101: Ajax | BF101: =IF(OR(G101="",H101=""),"Pendiente",IF(G101>H101,"Local",IF(G101<H101,"Visitante","Empate"))) -> Visitante
A102: 6 | B102: =Horarios!C102 -> 46001.781 | C102: =Horarios!C102 -> 46001.781 | D102: Villarreal | E102: =INDEX(TablaEquipos[Badge],MATCH(D102,TablaEquipos[Team],0)) -> #VALUE! | G102: 2 | H102: 3 | J102: =INDEX(TablaEquipos[Badge],MATCH(K102,TablaEquipos[Team],0)) -> #VALUE! | K102: Copenhagen | BF102: =IF(OR(G102="",H102=""),"Pendiente",IF(G102>H102,"Local",IF(G102<H102,"Visitante","Empate"))) -> Visitante
A103: 6 | B103: =Horarios!C103 -> 46001.875 | C103: =Horarios!C103 -> 46001.875 | D103: Athletic Bilbao | E103: =INDEX(TablaEquipos[Badge],MATCH(D103,TablaEquipos[Team],0)) -> #VALUE! | G103: 0 | H103: 0 | J103: =INDEX(TablaEquipos[Badge],MATCH(K103,TablaEquipos[Team],0)) -> #VALUE! | K103: PSG | BF103: =IF(OR(G103="",H103=""),"Pendiente",IF(G103>H103,"Local",IF(G103<H103,"Visitante","Empate"))) -> Empate
A104: 6 | B104: =Horarios!C104 -> 46001.875 | C104: =Horarios!C104 -> 46001.875 | D104: Bayer Leverkusen | E104: =INDEX(TablaEquipos[Badge],MATCH(D104,TablaEquipos[Team],0)) -> #VALUE! | G104: 2 | H104: 2 | J104: =INDEX(TablaEquipos[Badge],MATCH(K104,TablaEquipos[Team],0)) -> #VALUE! | K104: Newcastle | BF104: =IF(OR(G104="",H104=""),"Pendiente",IF(G104>H104,"Local",IF(G104<H104,"Visitante","Empate"))) -> Empate
... A109: 6 | B109: =Horarios!C109 -> 46001.875 | C109: =Horarios!C109 -> 46001.875 | D109: Benfica | E109: =INDEX(TablaEquipos[Badge],MATCH(D109,TablaEquipos[Team],0)) -> #VALUE! | G109: 2 | H109: 0 | J109: =INDEX(TablaEquipos[Badge],MATCH(K109,TablaEquipos[Team],0)) -> #VALUE! | K109: Napoli | BF109: =IF(OR(G109="",H109=""),"Pendiente",IF(G109>H109,"Local",IF(G109<H109,"Visitante","Empate"))) -> Local
A110: 7 | B110: =Horarios!C110 -> 46042.688 | C110: =Horarios!C110 -> 46042.688 | D110: Kairat Almaty | E110: =INDEX(TablaEquipos[Badge],MATCH(D110,TablaEquipos[Team],0)) -> #VALUE! | G110: 1 | H110: 4 | J110: =INDEX(TablaEquipos[Badge],MATCH(K110,TablaEquipos[Team],0)) -> #VALUE! | K110: Brugge | L110: ^ | BF110: =IF(OR(G110="",H110=""),"Pendiente",IF(G110>H110,"Local",IF(G110<H110,"Visitante","Empate"))) -> Visitante
A111: 7 | B111: =Horarios!C111 -> 46042.781 | C111: =Horarios!C111 -> 46042.781 | D111: Bodø/Glimt | E111: =INDEX(TablaEquipos[Badge],MATCH(D111,TablaEquipos[Team],0)) -> #VALUE! | G111: 3 | H111: 1 | J111: =INDEX(TablaEquipos[Badge],MATCH(K111,TablaEquipos[Team],0)) -> #VALUE! | K111: Manchester City | BF111: =IF(OR(G111="",H111=""),"Pendiente",IF(G111>H111,"Local",IF(G111<H111,"Visitante","Empate"))) -> Local
A112: 7 | B112: =Horarios!C112 -> 46042.875 | C112: =Horarios!C112 -> 46042.875 | D112: Copenhagen | E112: =INDEX(TablaEquipos[Badge],MATCH(D112,TablaEquipos[Team],0)) -> #VALUE! | G112: 1 | H112: 1 | J112: =INDEX(TablaEquipos[Badge],MATCH(K112,TablaEquipos[Team],0)) -> #VALUE! | K112: Napoli | BF112: =IF(OR(G112="",H112=""),"Pendiente",IF(G112>H112,"Local",IF(G112<H112,"Visitante","Empate"))) -> Empate
...

Sheet KO
E1: PO R16 | L1: R16 | S1: QF | Z1: SF | AG1: F
E2: (11/12 & 18/19 Feb) | L2: (4/5 & 11/12 Mar) | S2: (8/19 & 15/16 Apr) | Z2: (29/30 Apr & 6/7 May) | AG2: (31 May)
F3: R1 | G3: R2 | H3: G | I3: (P)
C4: 17/18 | E4: 17/18 | H4: =F4+G4 -> 0 | M4: R1 | N4: R2 | O4: G | P4: (P)
C5: 15/16 | E5: 15/16 | H5: =F5+G5 -> 0 | K5: =IF(AND(OR(F4="",F5="",G4="",G5="")),"WPO1",IF(F4+G4>F5+G5,E4,IF(F4+G4<F5+G5,E5,IF(AND(F4+G4=F5+G5,I4=I5),E5&"/"&E4,IF(AND(F4+G4=F5+G5,OR(I4="",I5="")),"WPO1",IF(AND(F4+G4=F5+G5,I4>I5),E4,E5)))))) -> WPO1 | L5: =IF(AND(OR(F4="",F5="",G4="",G5="")),E5&"/"&E4,IF(F4+G4>F5+G5,E4,IF(F4+G4<F5+G5,E5,IF(AND(F4+G4=F5+G5,I4=I5),E5&"/"&E4,IF(AND(F4+G4=F5+G5,OR(I4="",I5="")),E5&"/"&E4,IF(AND(F4+G4=F5+G5,I4>I5),E4,E5)))))) -> 15/16/17/18 | O5: =M5+N5 -> 0
K6: 1/2 | L6: 1/2 | O6: =M6+N6 -> 0 | T6: R1 | U6: R2 | V6: G | W6: (P)
F7: R1 | G7: R2 | H7: G | I7: (P) | R7: =IF(AND(OR(M5="",M6="",N5="",N6="")),"WR16-1",IF(M5+N5>M6+N6,L5,IF(M5+N5<M6+N6,L6,IF(AND(M5+N5=M6+N6,P5=P6),"WR16-1",IF(AND(M5+N5=M6+N6,OR(P5="",P6="")),"WR16-1",IF(AND(M5+N5=M6+N6,P5>P6),L5,L6)))))) -> WR16-1 | S7: WR16-1 | V7: =T7+U7 -> 0
A8: 1 | B8: =IF(SUM(Calcs!$B$2:$B$37)=288,League!P2,"Clas."&A8) -> Clas.1 | C8: 23/24 | E8: 23/24 | H8: =F8+G8 -> 0 | I8: 1 | M8: R1 | N8: R2 | O8: G | P8: (P) | R8: =IF(AND(OR(M9="",M10="",N9="",N10="")),"WR16-2",IF(M9+N9>M10+N10,L9,IF(M9+N9<M10+N10,L10,IF(AND(M9+N9=M10+N10,P9=P10),"WR16-2",IF(AND(M9+N9=M10+N10,OR(P9="",P10="")),"WR16-2",IF(AND(M9+N9=M10+N10,P9>P10),L9,L10)))))) -> WR16-2 | S8: WR16-2 | V8: =T8+U8 -> 0
A9: 2 | B9: =IF(SUM(Calcs!$B$2:$B$37)=288,League!P3,"Clas."&A9) -> Clas.2 | C9: 9/10 | E9: 9/10 | H9: =F9+G9 -> 0 | I9: 1 | K9: =IF(AND(OR(F8="",F9="",G8="",G9="")),"WPO2",IF(F8+G8>F9+G9,E8,IF(F8+G8<F9+G9,E9,IF(AND(F8+G8=F9+G9,I8=I9),E9&"/"&E8,IF(AND(F8+G8=F9+G9,OR(I8="",I9="")),"WPO2",IF(AND(F8+G8=F9+G9,I8>I9),E8,E9)))))) -> WPO2 | L9: =IF(AND(OR(F8="",F9="",G8="",G9="")),E9&"/"&E8,IF(F8+G8>F9+G9,E8,IF(F8+G8<F9+G9,E9,IF(AND(F8+G8=F9+G9,I8=I9),E9&"/"&E8,IF(AND(F8+G8=F9+G9,OR(I8="",I9="")),E9&"/"&E8,IF(AND(F8+G8=F9+G9,I8>I9),E8,E9)))))) -> 9/10/23/24 | O9: =M9+N9 -> 0
A10: 3 | B10: =IF(SUM(Calcs!$B$2:$B$37)=288,League!P4,"Clas."&A10) -> Clas.3 | K10: 7/8 | L10: 7/8 | O10: =M10+N10 -> 0 | AA10: R1 | AB10: R2 | AC10: G | AD10: (P)
A11: 4 | B11: =IF(SUM(Calcs!$B$2:$B$37)=288,League!P5,"Clas."&A11) -> Clas.4 | F11: R1 | G11: R2 | H11: G | I11: (P) | Y11: =IF(AND(OR(T7="",T8="",U7="",U8="")),"WQF-1",IF(T7+U7>T8+U8,S7,IF(T7+U7<T8+U8,S8,IF(AND(T7+U7=T8+U8,W7=W8),"WQF-1",IF(AND(T7+U7=T8+U8,OR(W7="",W8="")),"WQF-1",IF(AND(T7+U7=T8+U8,W7>W8),S7,S8)))))) -> WQF-1 | Z11: =IF(AND(OR(T7="",T8="",U7="",U8="")),"WQF-1",IF(T7+U7>T8+U8,S7,IF(T7+U7<T8+U8,S8,IF(AND(T7+U7=T8+U8,W7=W8),"WQF-1",IF(AND(T7+U7=T8+U8,OR(W7="",W8="")),"WQF-1",IF(AND(T7+U7=T8+U8,W7>W8),S7,S8)))))) -> WQF-1 | AC11: =AA11+AB11 -> 0
A12: 5 | B12: =IF(SUM(Calcs!$B$2:$B$37)=288,League!P6,"Clas."&A12) -> Clas.5 | C12: 21/22 | E12: 21/22 | H12: =F12+G12 -> 0 | M12: R1 | N12: R2 | O12: G | P12: (P) | Y12: =IF(AND(OR(T15="",T16="",U15="",U16="")),"WQF-2",IF(T15+U15>T16+U16,S15,IF(T15+U15<T16+U16,S16,IF(AND(T15+U15=T16+U16,W15=W16),"WQF-2",IF(AND(T15+U15=T16+U16,OR(W15="",W16="")),"WQF-2",IF(AND(T15+U15=T16+U16,W15>W16),S15,S16)))))) -> WQF-2 | Z12: =IF(AND(OR(T15="",T16="",U15="",U16="")),"WQF-2",IF(T15+U15>T16+U16,S15,IF(T15+U15<T16+U16,S16,IF(AND(T15+U15=T16+U16,W15=W16),"WQF-2",IF(AND(T15+U15=T16+U16,OR(W15="",W16="")),"WQF-2",IF(AND(T15+U15=T16+U16,W15>W16),S15,S16)))))) -> WQF-2 | AC12: =AA12+AB12 -> 0
A13: 6 | B13: =IF(SUM(Calcs!$B$2:$B$37)=288,League!P7,"Clas."&A13) -> Clas.6 | C13: 11/12 | E13: 11/12 | H13: =F13+G13 -> 0 | K13: =IF(AND(OR(F12="",F13="",G12="",G13="")),"WPO3",IF(F12+G12>F13+G13,E12,IF(F12+G12<F13+G13,E13,IF(AND(F12+G12=F13+G13,I12=I13),E13&"/"&E12,IF(AND(F12+G12=F13+G13,OR(I12="",I13="")),"WPO3",IF(AND(F12+G12=F13+G13,I12>I13),E12,E13)))))) -> WPO3 | L13: =IF(AND(OR(F12="",F13="",G12="",G13="")),E13&"/"&E12,IF(F12+G12>F13+G13,E12,IF(F12+G12<F13+G13,E13,IF(AND(F12+G12=F13+G13,I12=I13),E13&"/"&E12,IF(AND(F12+G12=F13+G13,OR(I12="",I13="")),E13&"/"&E12,IF(AND(F12+G12=F13+G13,I12>I13),E12,E13)))))) -> 11/12/21/22 | O13: =M13+N13 -> 0
A14: 7 | B14: =IF(SUM(Calcs!$B$2:$B$37)=288,League!P8,"Clas."&A14) -> Clas.7 | K14: 5/6 | L14: 5/6 | O14: =M14+N14 -> 0 | T14: R1 | U14: R2 | V14: G | W14: (P)
A15: 8 | B15: =IF(SUM(Calcs!$B$2:$B$37)=288,League!P9,"Clas."&A15) -> Clas.8 | F15: R1 | G15: R2 | H15: G | I15: (P) | R15: =IF(AND(OR(M13="",M14="",N13="",N14="")),"WR16-3",IF(M13+N13>M14+N14,L13,IF(M13+N13<M14+N14,L14,IF(AND(M13+N13=M14+N14,P13=P14),"WR16-3",IF(AND(M13+N13=M14+N14,OR(P13="",P14="")),"WR16-3",IF(AND(M13+N13=M14+N14,P13>P14),L13,L14)))))) -> WR16-3 | S15: =IF(AND(OR(M13="",M14="",N13="",N14="")),"WR16-3",IF(M13+N13>M14+N14,L13,IF(M13+N13<M14+N14,L14,IF(AND(M13+N13=M14+N14,P13=P14),"WR16-3",IF(AND(M13+N13=M14+N14,OR(P13="",P14="")),"WR16-3",IF(AND(M13+N13=M14+N14,P13>P14),L13,L14)))))) -> WR16-3 | V15: =T15+U15 -> 0
A16: 9 | B16: =IF(SUM(Calcs!$B$2:$B$37)=288,League!P10,"Clas."&A16) -> Clas.9 | C16: 19/20 | E16: 19/20 | H16: =F16+G16 -> 0 | M16: R1 | N16: R2 | O16: G | P16: (P) | R16: =IF(AND(OR(M17="",M18="",N17="",N18="")),"WR16-4",IF(M17+N17>M18+N18,L17,IF(M17+N17<M18+N18,L18,IF(AND(M17+N17=M18+N18,P17=P18),"WR16-4",IF(AND(M17+N17=M18+N18,OR(P17="",P18="")),"WR16-4",IF(AND(M17+N17=M18+N18,P17>P18),L17,L18)))))) -> WR16-4 | S16: =IF(AND(OR(M17="",M18="",N17="",N18="")),"WR16-4",IF(M17+N17>M18+N18,L17,IF(M17+N17<M18+N18,L18,IF(AND(M17+N17=M18+N18,P17=P18),"WR16-4",IF(AND(M17+N17=M18+N18,OR(P17="",P18="")),"WR16-4",IF(AND(M17+N17=M18+N18,P17>P18),L17,L18)))))) -> WR16-4 | V16: =T16+U16 -> 0
A17: 10 | B17: =IF(SUM(Calcs!$B$2:$B$37)=288,League!P11,"Clas."&A17) -> Clas.10 | C17: 13/14 | E17: 13/14 | H17: =F17+G17 -> 0 | K17: =IF(AND(OR(F16="",F17="",G16="",G17="")),"WPO4",IF(F16+G16>F17+G17,E16,IF(F16+G16<F17+G17,E17,IF(AND(F16+G16=F17+G17,I16=I17),E17&"/"&E16,IF(AND(F16+G16=F17+G17,OR(I16="",I17="")),"WPO4",IF(AND(F16+G16=F17+G17,I16>I17),E16,E17)))))) -> WPO4 | L17: =IF(AND(OR(F16="",F17="",G16="",G17="")),E17&"/"&E16,IF(F16+G16>F17+G17,E16,IF(F16+G16<F17+G17,E17,IF(AND(F16+G16=F17+G17,I16=I17),E17&"/"&E16,IF(AND(F16+G16=F17+G17,OR(I16="",I17="")),E17&"/"&E16,IF(AND(F16+G16=F17+G17,I16>I17),E16,E17)))))) -> 13/14/19/20 | O17: =M17+N17 -> 0
A18: 11 | B18: =IF(SUM(Calcs!$B$2:$B$37)=288,League!P12,"Clas."&A18) -> Clas.11 | K18: 3/4 | L18: 3/4 | O18: =M18+N18 -> 0 | AH18: F | AI18: (P) | AK18: Winner
A19: 12 | B19: =IF(SUM(Calcs!$B$2:$B$37)=288,League!P13,"Clas."&A19) -> Clas.12 | F19: R1 | G19: R2 | H19: G | I19: (P) | AF19: =IF(AND(OR(AA11="",AA12="",AB11="",AB12="")),"WSF-1",IF(AA11+AB11>AA12+AB12,Z11,IF(AA11+AB11<AA12+AB12,Z12,IF(AND(AA11+AB11=AA12+AB12,AD11=AD12),"WSF-1",IF(AND(AA11+AB11=AA12+AB12,OR(AD11="",AD12="")),"WSF-1",IF(AND(AA11+AB11=AA12+AB12,AD11>AD12),Z11,Z12)))))) -> WSF-1 | AG19: =IF(AND(OR(AA11="",AA12="",AB11="",AB12="")),"WSF-1",IF(AA11+AB11>AA12+AB12,Z11,IF(AA11+AB11<AA12+AB12,Z12,IF(AND(AA11+AB11=AA12+AB12,AD11=AD12),"WSF-1",IF(AND(AA11+AB11=AA12+AB12,OR(AD11="",AD12="")),"WSF-1",IF(AND(AA11+AB11=AA12+AB12,AD11>AD12),Z11,Z12)))))) -> WSF-1 | AK19: =IF(AND(OR(AH19="",AH20="")),"WF",IF(AH19>AH20,AG19,IF(AH19<AH20,AG20,IF(AND(AH19=AH20,AI19=AI20),"WF",IF(AND(AH19=AH20,OR(AI19="",AI20="")),"WF",IF(AND(AH19=AH20,AI19>AI20),AG19,AG20)))))) -> WF
A20: 13 | B20: =IF(SUM(Calcs!$B$2:$B$37)=288,League!P14,"Clas."&A20) -> Clas.13 | C20: 20/19 | E20: 20/19 | H20: =F20+G20 -> 0 | M20: R1 | N20: R2 | O20: G | P20: (P) | AF20: =IF(AND(OR(AA27="",AA28="",AB27="",AB28="")),"WSF-2",IF(AA27+AB27>AA28+AB28,Z27,IF(AA27+AB27<AA28+AB28,Z28,IF(AND(AA27+AB27=AA28+AB28,AD27=AD28),"WSF-3",IF(AND(AA27+AB27=AA28+AB28,OR(AD27="",AD28="")),"WSF-3",IF(AND(AA27+AB27=AA28+AB28,AD27>AD28),Z27,Z28)))))) -> WSF-2 | AG20: =IF(AND(OR(AA27="",AA28="",AB27="",AB28="")),"WSF-2",IF(AA27+AB27>AA28+AB28,Z27,IF(AA27+AB27<AA28+AB28,Z28,IF(AND(AA27+AB27=AA28+AB28,AD27=AD28),"WSF-3",IF(AND(AA27+AB27=AA28+AB28,OR(AD27="",AD28="")),"WSF-3",IF(AND(AA27+AB27=AA28+AB28,AD27>AD28),Z27,Z28)))))) -> WSF-2
A21: 14 | B21: =IF(SUM(Calcs!$B$2:$B$37)=288,League!P15,"Clas."&A21) -> Clas.14 | C21: 14/13 | E21: 14/13 | H21: =F21+G21 -> 0 | K21: =IF(AND(OR(F20="",F21="",G20="",G21="")),"WPO5",IF(F20+G20>F21+G21,E20,IF(F20+G20<F21+G21,E21,IF(AND(F20+G20=F21+G21,I20=I21),E21&"/"&E20,IF(AND(F20+G20=F21+G21,OR(I20="",I21="")),"WPO5",IF(AND(F20+G20=F21+G21,I20>I21),E20,E21)))))) -> WPO5 | L21: =IF(AND(OR(F20="",F21="",G20="",G21="")),E21&"/"&E20,IF(F20+G20>F21+G21,E20,IF(F20+G20<F21+G21,E21,IF(AND(F20+G20=F21+G21,I20=I21),E21&"/"&E20,IF(AND(F20+G20=F21+G21,OR(I20="",I21="")),E21&"/"&E20,IF(AND(F20+G20=F21+G21,I20>I21),E20,E21)))))) -> 14/13/20/19 | O21: =M21+N21 -> 0
A22: 15 | B22: =IF(SUM(Calcs!$B$2:$B$37)=288,League!P16,"Clas."&A22) -> Clas.15 | K22: 4/3 | L22: 4/3 | O22: =M22+N22 -> 0 | T22: R1 | U22: R2 | V22: G | W22: (P)
A23: 16 | B23: =IF(SUM(Calcs!$B$2:$B$37)=288,League!P17,"Clas."&A23) -> Clas.16 | F23: R1 | G23: R2 | H23: G | I23: (P) | K23: =SI(Y(O(F20="";F21="";G20="";G21=""));E21&"/"&E20;SI(F20+G20>F21+G21;E20;SI(F20+G20<F21+G21;E21;SI(Y(F20+G20=F21+G21;I20=I21);E21&"/"&E20;SI(Y(F20+G20=F21+G21;O(I20="";I21=""));E21&"/"&E20;SI(Y(F20+G20=F21+G21;I20>I21);E20;E21)))))) | R23: =IF(AND(OR(M21="",M22="",N21="",N22="")),"WR16-5",IF(M21+N21>M22+N22,L21,IF(M21+N21<M22+N22,L22,IF(AND(M21+N21=M22+N22,P21=P22),"WR16-5",IF(AND(M21+N21=M22+N22,OR(P21="",P22="")),"WR16-5",IF(AND(M21+N21=M22+N22,P21>P22),L21,L22)))))) -> WR16-5 | S23: =IF(AND(OR(M21="",M22="",N21="",N22="")),"WR16-5",IF(M21+N21>M22+N22,L21,IF(M21+N21<M22+N22,L22,IF(AND(M21+N21=M22+N22,P21=P22),"WR16-5",IF(AND(M21+N21=M22+N22,OR(P21="",P22="")),"WR16-5",IF(AND(M21+N21=M22+N22,P21>P22),L21,L22)))))) -> WR16-5 | V23: =T23+U23 -> 0
A24: 17 | B24: =IF(SUM(Calcs!$B$2:$B$37)=288,League!P18,"Clas."&A24) -> Clas.17 | C24: 22/21 | E24: 22/21 | H24: =F24+G24 -> 0 | K24: =SI(Y(O(F20="";F21="";G20="";G21=""));E21&"/"&E20;SI(F20+G20>F21+G21;E20;SI(F20+G20<F21+G21;E21;SI(Y(F20+G20=F21+G21;I20=I21);E21&"/"&E20;SI(Y(F20+G20=F21+G21;O(I20="";I21=""));E21&"/"&E20;SI(Y(F20+G20=F21+G21;I20>I21);E20;E21)))))) | M24: R1 | N24: R2 | O24: G | P24: (P) | R24: =IF(AND(OR(M25="",M26="",N25="",N26="")),"WR16-6",IF(M25+N25>M26+N26,L25,IF(M25+N25<M26+N26,L26,IF(AND(M25+N25=M26+N26,P25=P26),"WR16-6",IF(AND(M25+N25=M26+N26,OR(P25="",P26="")),"WR16-6",IF(AND(M25+N25=M26+N26,P25>P26),L25,L26)))))) -> WR16-6 | S24: =IF(AND(OR(M25="",M26="",N25="",N26="")),"WR16-6",IF(M25+N25>M26+N26,L25,IF(M25+N25<M26+N26,L26,IF(AND(M25+N25=M26+N26,P25=P26),"WR16-6",IF(AND(M25+N25=M26+N26,OR(P25="",P26="")),"WR16-6",IF(AND(M25+N25=M26+N26,P25>P26),L25,L26)))))) -> WR16-6 | V24: =T24+U24 -> 0
A25: 18 | B25: =IF(SUM(Calcs!$B$2:$B$37)=288,League!P19,"Clas."&A25) -> Clas.18 | C25: 12/11 | E25: 12/11 | H25: =F25+G25 -> 0 | K25: =IF(AND(OR(F24="",F25="",G24="",G25="")),"WPO6",IF(F24+G24>F25+G25,E24,IF(F24+G24<F25+G25,E25,IF(AND(F24+G24=F25+G25,I24=I25),E25&"/"&E24,IF(AND(F24+G24=F25+G25,OR(I24="",I25="")),"WPO6",IF(AND(F24+G24=F25+G25,I24>I25),E24,E25)))))) -> WPO6 | L25: =IF(AND(OR(F24="",F25="",G24="",G25="")),E25&"/"&E24,IF(F24+G24>F25+G25,E24,IF(F24+G24<F25+G25,E25,IF(AND(F24+G24=F25+G25,I24=I25),E25&"/"&E24,IF(AND(F24+G24=F25+G25,OR(I24="",I25="")),E25&"/"&E24,IF(AND(F24+G24=F25+G25,I24>I25),E24,E25)))))) -> 12/11/22/21 | O25: =M25+N25 -> 0
A26: 19 | B26: =IF(SUM(Calcs!$B$2:$B$37)=288,League!P20,"Clas."&A26) -> Clas.19 | K26: 6/5 | L26: 6/5 | O26: =M26+N26 -> 0 | AA26: R1 | AB26: R2 | AC26: G | AD26: (P)
A27: 20 | B27: =IF(SUM(Calcs!$B$2:$B$37)=288,League!P21,"Clas."&A27) -> Clas.20 | F27: R1 | G27: R2 | H27: G | I27: (P) | K27: =SI(Y(O(F20="";F21="";G20="";G21=""));E21&"/"&E20;SI(F20+G20>F21+G21;E20;SI(F20+G20<F21+G21;E21;SI(Y(F20+G20=F21+G21;I20=I21);E21&"/"&E20;SI(Y(F20+G20=F21+G21;O(I20="";I21=""));E21&"/"&E20;SI(Y(F20+G20=F21+G21;I20>I21);E20;E21)))))) | Y27: =IF(AND(OR(T23="",T24="",U23="",U24="")),"WQF-3",IF(T23+U23>T24+U24,S23,IF(T23+U23<T24+U24,S24,IF(AND(T23+U23=T24+U24,W23=W24),"WQF-3",IF(AND(T23+U23=T24+U24,OR(W23="",W24="")),"WQF-3",IF(AND(T23+U23=T24+U24,W23>W24),S23,S24)))))) -> WQF-3 | Z27: =IF(AND(OR(T23="",T24="",U23="",U24="")),"WQF-3",IF(T23+U23>T24+U24,S23,IF(T23+U23<T24+U24,S24,IF(AND(T23+U23=T24+U24,W23=W24),"WQF-3",IF(AND(T23+U23=T24+U24,OR(W23="",W24="")),"WQF-3",IF(AND(T23+U23=T24+U24,W23>W24),S23,S24)))))) -> WQF-3 | AC27: =AA27+AB27 -> 0
A28: 21 | B28: =IF(SUM(Calcs!$B$2:$B$37)=288,League!P22,"Clas."&A28) -> Clas.21 | C28: 24/23 | E28: 24/23 | H28: =F28+G28 -> 0 | K28: =SI(Y(O(F20="";F21="";G20="";G21=""));E21&"/"&E20;SI(F20+G20>F21+G21;E20;SI(F20+G20<F21+G21;E21;SI(Y(F20+G20=F21+G21;I20=I21);E21&"/"&E20;SI(Y(F20+G20=F21+G21;O(I20="";I21=""));E21&"/"&E20;SI(Y(F20+G20=F21+G21;I20>I21);E20;E21)))))) | M28: R1 | N28: R2 | O28: G | P28: (P) | Y28: =IF(AND(OR(T31="",T32="",U31="",U32="")),"WQF-4",IF(T31+U31>T32+U32,S31,IF(T31+U31<T32+U32,S32,IF(AND(T31+U31=T32+U32,W31=W32),"WQF-4",IF(AND(T31+U31=T32+U32,OR(W31="",W32="")),"WQF-4",IF(AND(T31+U31=T32+U32,W31>W32),S31,S32)))))) -> WQF-4 | Z28: =IF(AND(OR(T31="",T32="",U31="",U32="")),"WQF-4",IF(T31+U31>T32+U32,S31,IF(T31+U31<T32+U32,S32,IF(AND(T31+U31=T32+U32,W31=W32),"WQF-4",IF(AND(T31+U31=T32+U32,OR(W31="",W32="")),"WQF-4",IF(AND(T31+U31=T32+U32,W31>W32),S31,S32)))))) -> WQF-4 | AC28: =AA28+AB28 -> 0
A29: 22 | B29: =IF(SUM(Calcs!$B$2:$B$37)=288,League!P23,"Clas."&A29) -> Clas.22 | C29: 10/9 | E29: 10/9 | H29: =F29+G29 -> 0 | K29: =IF(AND(OR(F28="",F29="",G28="",G29="")),"WPO7",IF(F28+G28>F29+G29,E28,IF(F28+G28<F29+G29,E29,IF(AND(F28+G28=F29+G29,I28=I29),E29&"/"&E28,IF(AND(F28+G28=F29+G29,OR(I28="",I29="")),"WPO7",IF(AND(F28+G28=F29+G29,I28>I29),E28,E29)))))) -> WPO7 | L29: =IF(AND(OR(F28="",F29="",G28="",G29="")),E29&"/"&E28,IF(F28+G28>F29+G29,E28,IF(F28+G28<F29+G29,E29,IF(AND(F28+G28=F29+G29,I28=I29),E29&"/"&E28,IF(AND(F28+G28=F29+G29,OR(I28="",I29="")),E29&"/"&E28,IF(AND(F28+G28=F29+G29,I28>I29),E28,E29)))))) -> 10/9/24/23 | O29: =M29+N29 -> 0
A30: 23 | B30: =IF(SUM(Calcs!$B$2:$B$37)=288,League!P24,"Clas."&A30) -> Clas.23 | K30: 8/7 | L30: 8/7 | O30: =M30+N30 -> 0 | T30: R1 | U30: R2 | V30: G | W30: (P)
A31: 24 | B31: =IF(SUM(Calcs!$B$2:$B$37)=288,League!P25,"Clas."&A31) -> Clas.24 | F31: R1 | G31: R2 | H31: G | I31: (P) | R31: =IF(AND(OR(M29="",M30="",N29="",N30="")),"WR16-7",IF(M29+N29>M30+N30,L29,IF(M29+N29<M30+N30,L30,IF(AND(M29+N29=M30+N30,P29=P30),"WR16-7",IF(AND(M29+N29=M30+N30,OR(P29="",P30="")),"WR16-7",IF(AND(M29+N29=M30+N30,P29>P30),L29,L30)))))) -> WR16-7 | S31: =IF(AND(OR(M29="",M30="",N29="",N30="")),"WR16-7",IF(M29+N29>M30+N30,L29,IF(M29+N29<M30+N30,L30,IF(AND(M29+N29=M30+N30,P29=P30),"WR16-7",IF(AND(M29+N29=M30+N30,OR(P29="",P30="")),"WR16-7",IF(AND(M29+N29=M30+N30,P29>P30),L29,L30)))))) -> WR16-7 | V31: =T31+U31 -> 0
C32: 18/17 | E32: 18/17 | H32: =F32+G32 -> 0 | M32: R1 | N32: R2 | O32: G | P32: (P) | R32: =IF(AND(OR(M33="",M34="",N33="",N34="")),"WR16-8",IF(M33+N33>M34+N34,L33,IF(M33+N33<M34+N34,L34,IF(AND(M33+N33=M34+N34,P33=P34),"WR16-8",IF(AND(M33+N33=M34+N34,OR(P33="",P34="")),"WR16-8",IF(AND(M33+N33=M34+N34,P33>P34),L33,L34)))))) -> WR16-8 | S32: =IF(AND(OR(M33="",M34="",N33="",N34="")),"WR16-8",IF(M33+N33>M34+N34,L33,IF(M33+N33<M34+N34,L34,IF(AND(M33+N33=M34+N34,P33=P34),"WR16-8",IF(AND(M33+N33=M34+N34,OR(P33="",P34="")),"WR16-8",IF(AND(M33+N33=M34+N34,P33>P34),L33,L34)))))) -> WR16-8 | V32: =T32+U32 -> 0
C33: 16/15 | E33: 16/15 | H33: =F33+G33 -> 0 | K33: =IF(AND(OR(F32="",F33="",G32="",G33="")),"WPO8",IF(F32+G32>F33+G33,E32,IF(F32+G32<F33+G33,E33,IF(AND(F32+G32=F33+G33,I32=I33),E33&"/"&E32,IF(AND(F32+G32=F33+G33,OR(I32="",I33="")),"WPO8",IF(AND(F32+G32=F33+G33,I32>I33),E32,E33)))))) -> WPO8 | L33: =IF(AND(OR(F32="",F33="",G32="",G33="")),E33&"/"&E32,IF(F32+G32>F33+G33,E32,IF(F32+G32<F33+G33,E33,IF(AND(F32+G32=F33+G33,I32=I33),E33&"/"&E32,IF(AND(F32+G32=F33+G33,OR(I32="",I33="")),E33&"/"&E32,IF(AND(F32+G32=F33+G33,I32>I33),E32,E33)))))) -> 16/15/18/17 | O33: =M33+N33 -> 0
K34: 2/1 | L34: 2/1 | O34: =M34+N34 -> 0

Sheet ADMIN
J1: =RANK(J2,OFFSET($J$2,0,0,1,$D$5*3),0) -> 13 | M1: =RANK(M2,OFFSET($J$2,0,0,1,$D$5*3),0) -> 10 | P1: =RANK(P2,OFFSET($J$2,0,0,1,$D$5*3),0) -> 6 | S1: =RANK(S2,OFFSET($J$2,0,0,1,$D$5*3),0) -> 4 | V1: =RANK(V2,OFFSET($J$2,0,0,1,$D$5*3),0) -> 15 | Y1: =RANK(Y2,OFFSET($J$2,0,0,1,$D$5*3),0) -> 1 | AB1: =RANK(AB2,OFFSET($J$2,0,0,1,$D$5*3),0) -> 7 | AE1: =RANK(AE2,OFFSET($J$2,0,0,1,$D$5*3),0) -> 11 | AH1: =RANK(AH2,OFFSET($J$2,0,0,1,$D$5*3),0) -> 3 | AK1: =RANK(AK2,OFFSET($J$2,0,0,1,$D$5*3),0) -> 2 | AN1: =RANK(AN2,OFFSET($J$2,0,0,1,$D$5*3),0) -> 14 | AQ1: =RANK(AQ2,OFFSET($J$2,0,0,1,$D$5*3),0) -> 9 | AT1: =RANK(AT2,OFFSET($J$2,0,0,1,$D$5*3),0) -> 16 | AW1: =RANK(AW2,OFFSET($J$2,0,0,1,$D$5*3),0) -> 5 | AZ1: =RANK(AZ2,OFFSET($J$2,0,0,1,$D$5*3),0) -> 8 | BC1: =RANK(BC2,OFFSET($J$2,0,0,1,$D$5*3),0) -> 12 | BF1: =RANK(BF2,OFFSET($J$2,0,0,1,$D$5*3),0) -> #N/A | BI1: =RANK(BI2,OFFSET($J$2,0,0,1,$D$5*3),0) -> #N/A | BL1: =RANK(BL2,OFFSET($J$2,0,0,1,$D$5*3),0) -> #N/A | BO1: =RANK(BO2,OFFSET($J$2,0,0,1,$D$5*3),0) -> #N/A | BR1: =RANK(BR2,OFFSET($J$2,0,0,1,$D$5*3),0) -> #N/A | BU1: =RANK(BU2,OFFSET($J$2,0,0,1,$D$5*3),0) -> #N/A | BX1: =RANK(BX2,OFFSET($J$2,0,0,1,$D$5*3),0) -> #N/A | CA1: =RANK(CA2,OFFSET($J$2,0,0,1,$D$5*3),0) -> #N/A | CD1: =RANK(CD2,OFFSET($J$2,0,0,1,$D$5*3),0) -> #N/A
J2: =J4-(COLUMN()/10000) -> 148.999 | M2: =M4-(COLUMN()/10000) -> 152.9987 | P2: =P4-(COLUMN()/10000) -> 159.9984 | S2: =S4-(COLUMN()/10000) -> 165.9981 | V2: =V4-(COLUMN()/10000) -> 143.9978 | Y2: =Y4-(COLUMN()/10000) -> 189.9975 | AB2: =AB4-(COLUMN()/10000) -> 157.9972 | AE2: =AE4-(COLUMN()/10000) -> 152.9969 | AH2: =AH4-(COLUMN()/10000) -> 169.9966 | AK2: =AK4-(COLUMN()/10000) -> 172.9963 | AN2: =AN4-(COLUMN()/10000) -> 146.996 | AQ2: =AQ4-(COLUMN()/10000) -> 154.9957 | AT2: =AT4-(COLUMN()/10000) -> 122.9954 | AW2: =AW4-(COLUMN()/10000) -> 162.9951 | AZ2: =AZ4-(COLUMN()/10000) -> 157.9948 | BC2: =BC4-(COLUMN()/10000) -> 150.9945 | BF2: =BF4-(COLUMN()/10000) -> -0.0058 | BI2: =BI4-(COLUMN()/10000) -> -0.0061 | BL2: =BL4-(COLUMN()/10000) -> -0.0064 | BO2: =BO4-(COLUMN()/10000) -> -0.0067 | BR2: =BR4-(COLUMN()/10000) -> -0.007 | BU2: =BU4-(COLUMN()/10000) -> -0.0073 | BX2: =BX4-(COLUMN()/10000) -> -0.0076 | CA2: =CA4-(COLUMN()/10000) -> -0.0079 | CD2: =CD4-(COLUMN()/10000) -> -0.0082
J3: =RANK(J4,OFFSET($J$4,0,0,1,$D$5*3),0) -> 13 | M3: =RANK(M4,OFFSET($J$4,0,0,1,$D$5*3),0) -> 10 | P3: =RANK(P4,OFFSET($J$4,0,0,1,$D$5*3),0) -> 6 | S3: =RANK(S4,OFFSET($J$4,0,0,1,$D$5*3),0) -> 4 | V3: =RANK(V4,OFFSET($J$4,0,0,1,$D$5*3),0) -> 15 | Y3: =RANK(Y4,OFFSET($J$4,0,0,1,$D$5*3),0) -> 1 | AB3: =RANK(AB4,OFFSET($J$4,0,0,1,$D$5*3),0) -> 7 | AE3: =RANK(AE4,OFFSET($J$4,0,0,1,$D$5*3),0) -> 10 | AH3: =RANK(AH4,OFFSET($J$4,0,0,1,$D$5*3),0) -> 3 | AK3: =RANK(AK4,OFFSET($J$4,0,0,1,$D$5*3),0) -> 2 | AN3: =RANK(AN4,OFFSET($J$4,0,0,1,$D$5*3),0) -> 14 | AQ3: =RANK(AQ4,OFFSET($J$4,0,0,1,$D$5*3),0) -> 9 | AT3: =RANK(AT4,OFFSET($J$4,0,0,1,$D$5*3),0) -> 16 | AW3: =RANK(AW4,OFFSET($J$4,0,0,1,$D$5*3),0) -> 5 | AZ3: =RANK(AZ4,OFFSET($J$4,0,0,1,$D$5*3),0) -> 7 | BC3: =RANK(BC4,OFFSET($J$4,0,0,1,$D$5*3),0) -> 12 | BF3: =RANK(BF4,OFFSET($J$4,0,0,1,$D$5*3),0) -> #N/A | BI3: =RANK(BI4,OFFSET($J$4,0,0,1,$D$5*3),0) -> #N/A | BL3: =RANK(BL4,OFFSET($J$4,0,0,1,$D$5*3),0) -> #N/A | BO3: =RANK(BO4,OFFSET($J$4,0,0,1,$D$5*3),0) -> #N/A | BR3: =RANK(BR4,OFFSET($J$4,0,0,1,$D$5*3),0) -> #N/A | BU3: =RANK(BU4,OFFSET($J$4,0,0,1,$D$5*3),0) -> #N/A | BX3: =RANK(BX4,OFFSET($J$4,0,0,1,$D$5*3),0) -> #N/A | CA3: =RANK(CA4,OFFSET($J$4,0,0,1,$D$5*3),0) -> #N/A | CD3: =RANK(CD4,OFFSET($J$4,0,0,1,$D$5*3),0) -> #N/A
H4: =+Idiomas!D187&" ->" -> Puntos -> | J4: =SUM(K6:K343) -> 149 | M4: =SUM(N6:N343) -> 153 | P4: =SUM(Q6:Q343) -> 160 | S4: =SUM(T6:T343) -> 166 | V4: =SUM(W6:W343) -> 144 | Y4: =SUM(Z6:Z343) -> 190 | AB4: =SUM(AC6:AC343) -> 158 | AE4: =SUM(AF6:AF343) -> 153 | AH4: =SUM(AI6:AI343) -> 170 | AK4: =SUM(AL6:AL343) -> 173 | AN4: =SUM(AO6:AO343) -> 147 | AQ4: =SUM(AR6:AR343) -> 155 | AT4: =SUM(AU6:AU343) -> 123 | AW4: =SUM(AX6:AX343) -> 163 | AZ4: =SUM(BA6:BA343) -> 158 | BC4: =SUM(BD6:BD343) -> 151 | BF4: =SUM(BG6:BG343) -> 0 | BI4: =SUM(BJ6:BJ343) -> 0 | BL4: =SUM(BM6:BM343) -> 0 | BO4: =SUM(BP6:BP343) -> 0 | BR4: =SUM(BS6:BS343) -> 0 | BU4: =SUM(BV6:BV343) -> 0 | BX4: =SUM(BY6:BY343) -> 0 | CA4: =SUM(CB6:CB343) -> 0 | CD4: =SUM(CE6:CE343) -> 0
C5: =+Idiomas!D184&" ->" -> Selecciona el Nº de Jugadores -> | D5: 16 | G5: =+Idiomas!D107 -> FASE DE LIGA | H5: =+Idiomas!D295&" ->" -> Jugador -> | J5: XAVI | L5: 1 | M5: CHARLY | O5: 2 | P5: POTI | R5: 3 | S5: TONI | U5: 4 | V5: CHETE | X5: 5 | Y5: LUIS IRISH | AA5: 6 | AB5: PEPE | AD5: 7 | AE5: PILAR | AG5: 8 | AH5: YERAY | AJ5: 9 | AK5: LUISETE | AM5: 10 | AN5: SALME | AP5: 11 | AQ5: CLAU | AS5: 12 | AT5: COPILOT | AV5: 13 | AW5: GUILLE | AY5: 14 | AZ5: PERICO | BB5: 15 | BC5: CARLOS | BE5: 16 | BF5: =+Idiomas!$D$237&BH5 -> Nombre J17 | BH5: 17 | BI5: =+Idiomas!$D$237&BK5 -> Nombre J18 | BK5: 18 | BL5: =+Idiomas!$D$237&BN5 -> Nombre J19 | BN5: 19 | BO5: =+Idiomas!$D$237&BQ5 -> Nombre J20 | BQ5: 20 | BR5: =+Idiomas!$D$237&BT5 -> Nombre J21 | BT5: 21 | BU5: =+Idiomas!$D$237&BW5 -> Nombre J22 | BW5: 22 | BX5: =+Idiomas!$D$237&BZ5 -> Nombre J23 | BZ5: 23 | CA5: =+Idiomas!$D$237&CC5 -> Nombre J24 | CC5: 24 | CD5: =+Idiomas!$D$237&CF5 -> Nombre J25 | CF5: 25
F6: =+Idiomas!D99 -> J1 | G6: =CONCATENATE(League!D2,"-",League!K2) -> Athletic Bilbao-Arsenal | H6: =CONCATENATE(IF(League!G2>League!H2,1,IF(League!G2<League!H2,2,IF(AND(League!G2=League!H2,League!G2<>"",League!H2<>""),"X",0))),"|",League!G2,"-",League!H2) -> 2|0-2 | J6: 2|1-3 | K6: =IFERROR(SUM(IF($H6=J6,$D$10),IF(LEFT($H6,1)=LEFT(J6,1),$D$8),IF(MID($H6,FIND("|",$H6)+1,FIND("-",$H6)-FIND("|",$H6)-1)-MID($H6,FIND("-",$H6)+1,11)=MID(J6,FIND("|",J6)+1,FIND("-",J6)-FIND("|",J6)-1)-MID(J6,FIND("-",J6)+1,11),$D$9)),) -> 2 | M6: X|1-1 | N6: =IFERROR(SUM(IF($H6=M6,$D$10),IF(LEFT($H6,1)=LEFT(M6,1),$D$8),IF(MID($H6,FIND("|",$H6)+1,FIND("-",$H6)-FIND("|",$H6)-1)-MID($H6,FIND("-",$H6)+1,11)=MID(M6,FIND("|",M6)+1,FIND("-",M6)-FIND("|",M6)-1)-MID(M6,FIND("-",M6)+1,11),$D$9)),) -> 0 | P6: 2|0-3 | Q6: =IFERROR(SUM(IF($H6=P6,$D$10),IF(LEFT($H6,1)=LEFT(P6,1),$D$8),IF(MID($H6,FIND("|",$H6)+1,FIND("-",$H6)-FIND("|",$H6)-1)-MID($H6,FIND("-",$H6)+1,11)=MID(P6,FIND("|",P6)+1,FIND("-",P6)-FIND("|",P6)-1)-MID(P6,FIND("-",P6)+1,11),$D$9)),) -> 2 | S6: 2|1-3 | T6: =IFERROR(SUM(IF($H6=S6,$D$10),IF(LEFT($H6,1)=LEFT(S6,1),$D$8),IF(MID($H6,FIND("|",$H6)+1,FIND("-",$H6)-FIND("|",$H6)-1)-MID($H6,FIND("-",$H6)+1,11)=MID(S6,FIND("|",S6)+1,FIND("-",S6)-FIND("|",S6)-1)-MID(S6,FIND("-",S6)+1,11),$D$9)),) -> 2 | V6: X|1-1 | W6: =IFERROR(SUM(IF($H6=V6,$D$10),IF(LEFT($H6,1)=LEFT(V6,1),$D$8),IF(MID($H6,FIND("|",$H6)+1,FIND("-",$H6)-FIND("|",$H6)-1)-MID($H6,FIND("-",$H6)+1,11)=MID(V6,FIND("|",V6)+1,FIND("-",V6)-FIND("|",V6)-1)-MID(V6,FIND("-",V6)+1,11),$D$9)),) -> 0 | Y6: 2|0-3 | Z6: =IFERROR(SUM(IF($H6=Y6,$D$10),IF(LEFT($H6,1)=LEFT(Y6,1),$D$8),IF(MID($H6,FIND("|",$H6)+1,FIND("-",$H6)-FIND("|",$H6)-1)-MID($H6,FIND("-",$H6)+1,11)=MID(Y6,FIND("|",Y6)+1,FIND("-",Y6)-FIND("|",Y6)-1)-MID(Y6,FIND("-",Y6)+1,11),$D$9)),) -> 2 | AB6: X|2-2 | AC6: =IFERROR(SUM(IF($H6=AB6,$D$10),IF(LEFT($H6,1)=LEFT(AB6,1),$D$8),IF(MID($H6,FIND("|",$H6)+1,FIND("-",$H6)-FIND("|",$H6)-1)-MID($H6,FIND("-",$H6)+1,11)=MID(AB6,FIND("|",AB6)+1,FIND("-",AB6)-FIND("|",AB6)-1)-MID(AB6,FIND("-",AB6)+1,11),$D$9)),) -> 0 | AE6: 2|1-2 | AF6: =IFERROR(SUM(IF($H6=AE6,$D$10),IF(LEFT($H6,1)=LEFT(AE6,1),$D$8),IF(MID($H6,FIND("|",$H6)+1,FIND("-",$H6)-FIND("|",$H6)-1)-MID($H6,FIND("-",$H6)+1,11)=MID(AE6,FIND("|",AE6)+1,FIND("-",AE6)-FIND("|",AE6)-1)-MID(AE6,FIND("-",AE6)+1,11),$D$9)),) -> 2 | AH6: 2|1-3 | AI6: =IFERROR(SUM(IF($H6=AH6,$D$10),IF(LEFT($H6,1)=LEFT(AH6,1),$D$8),IF(MID($H6,FIND("|",$H6)+1,FIND("-",$H6)-FIND("|",$H6)-1)-MID($H6,FIND("-",$H6)+1,11)=MID(AH6,FIND("|",AH6)+1,FIND("-",AH6)-FIND("|",AH6)-1)-MID(AH6,FIND("-",AH6)+1,11),$D$9)),) -> 2 | AK6: 2|0-3 | AL6: =IFERROR(SUM(IF($H6=AK6,$D$10),IF(LEFT($H6,1)=LEFT(AK6,1),$D$8),IF(MID($H6,FIND("|",$H6)+1,FIND("-",$H6)-FIND("|",$H6)-1)-MID($H6,FIND("-",$H6)+1,11)=MID(AK6,FIND("|",AK6)+1,FIND("-",AK6)-FIND("|",AK6)-1)-MID(AK6,FIND("-",AK6)+1,11),$D$9)),) -> 2 | AN6: 2|1-2 | AO6: =IFERROR(SUM(IF($H6=AN6,$D$10),IF(LEFT($H6,1)=LEFT(AN6,1),$D$8),IF(MID($H6,FIND("|",$H6)+1,FIND("-",$H6)-FIND("|",$H6)-1)-MID($H6,FIND("-",$H6)+1,11)=MID(AN6,FIND("|",AN6)+1,FIND("-",AN6)-FIND("|",AN6)-1)-MID(AN6,FIND("-",AN6)+1,11),$D$9)),) -> 2 | AQ6: 2|1-2 | AR6: =IFERROR(SUM(IF($H6=AQ6,$D$10),IF(LEFT($H6,1)=LEFT(AQ6,1),$D$8),IF(MID($H6,FIND("|",$H6)+1,FIND("-",$H6)-FIND("|",$H6)-1)-MID($H6,FIND("-",$H6)+1,11)=MID(AQ6,FIND("|",AQ6)+1,FIND("-",AQ6)-FIND("|",AQ6)-1)-MID(AQ6,FIND("-",AQ6)+1,11),$D$9)),) -> 2 | AT6: 2|1-2 | AU6: =IFERROR(SUM(IF($H6=AT6,$D$10),IF(LEFT($H6,1)=LEFT(AT6,1),$D$8),IF(MID($H6,FIND("|",$H6)+1,FIND("-",$H6)-FIND("|",$H6)-1)-MID($H6,FIND("-",$H6)+1,11)=MID(AT6,FIND("|",AT6)+1,FIND("-",AT6)-FIND("|",AT6)-1)-MID(AT6,FIND("-",AT6)+1,11),$D$9)),) -> 2 | AW6: 2|1-2 | AX6: =IFERROR(SUM(IF($H6=AW6,$D$10),IF(LEFT($H6,1)=LEFT(AW6,1),$D$8),IF(MID($H6,FIND("|",$H6)+1,FIND("-",$H6)-FIND("|",$H6)-1)-MID($H6,FIND("-",$H6)+1,11)=MID(AW6,FIND("|",AW6)+1,FIND("-",AW6)-FIND("|",AW6)-1)-MID(AW6,FIND("-",AW6)+1,11),$D$9)),) -> 2 | AZ6: 2|0-2 | BA6: =IFERROR(SUM(IF($H6=AZ6,$D$10),IF(LEFT($H6,1)=LEFT(AZ6,1),$D$8),IF(MID($H6,FIND("|",$H6)+1,FIND("-",$H6)-FIND("|",$H6)-1)-MID($H6,FIND("-",$H6)+1,11)=MID(AZ6,FIND("|",AZ6)+1,FIND("-",AZ6)-FIND("|",AZ6)-1)-MID(AZ6,FIND("-",AZ6)+1,11),$D$9)),) -> 5 | BC6: 2|1-2 | BD6: =IFERROR(SUM(IF($H6=BC6,$D$10),IF(LEFT($H6,1)=LEFT(BC6,1),$D$8),IF(MID($H6,FIND("|",$H6)+1,FIND("-",$H6)-FIND("|",$H6)-1)-MID($H6,FIND("-",$H6)+1,11)=MID(BC6,FIND("|",BC6)+1,FIND("-",BC6)-FIND("|",BC6)-1)-MID(BC6,FIND("-",BC6)+1,11),$D$9)),) -> 2 | BF6: =+Idiomas!$D$238 -> Pegar Valores (J1) | BG6: =IFERROR(SUM(IF($H6=BF6,$D$10),IF(LEFT($H6,1)=LEFT(BF6,1),$D$8),IF(MID($H6,FIND("|",$H6)+1,FIND("-",$H6)-FIND("|",$H6)-1)-MID($H6,FIND("-",$H6)+1,11)=MID(BF6,FIND("|",BF6)+1,FIND("-",BF6)-FIND("|",BF6)-1)-MID(BF6,FIND("-",BF6)+1,11),$D$9)),) -> 0 | BI6: =+Idiomas!$D$238 -> Pegar Valores (J1) | BJ6: =IFERROR(SUM(IF($H6=BI6,$D$10),IF(LEFT($H6,1)=LEFT(BI6,1),$D$8),IF(MID($H6,FIND("|",$H6)+1,FIND("-",$H6)-FIND("|",$H6)-1)-MID($H6,FIND("-",$H6)+1,11)=MID(BI6,FIND("|",BI6)+1,FIND("-",BI6)-FIND("|",BI6)-1)-MID(BI6,FIND("-",BI6)+1,11),$D$9)),) -> 0 | BL6: =+Idiomas!$D$238 -> Pegar Valores (J1) | BM6: =IFERROR(SUM(IF($H6=BL6,$D$10),IF(LEFT($H6,1)=LEFT(BL6,1),$D$8),IF(MID($H6,FIND("|",$H6)+1,FIND("-",$H6)-FIND("|",$H6)-1)-MID($H6,FIND("-",$H6)+1,11)=MID(BL6,FIND("|",BL6)+1,FIND("-",BL6)-FIND("|",BL6)-1)-MID(BL6,FIND("-",BL6)+1,11),$D$9)),) -> 0 | BO6: =+Idiomas!$D$238 -> Pegar Valores (J1) | BP6: =IFERROR(SUM(IF($H6=BO6,$D$10),IF(LEFT($H6,1)=LEFT(BO6,1),$D$8),IF(MID($H6,FIND("|",$H6)+1,FIND("-",$H6)-FIND("|",$H6)-1)-MID($H6,FIND("-",$H6)+1,11)=MID(BO6,FIND("|",BO6)+1,FIND("-",BO6)-FIND("|",BO6)-1)-MID(BO6,FIND("-",BO6)+1,11),$D$9)),) -> 0 | BR6: =+Idiomas!$D$238 -> Pegar Valores (J1) | BS6: =IFERROR(SUM(IF($H6=BR6,$D$10),IF(LEFT($H6,1)=LEFT(BR6,1),$D$8),IF(MID($H6,FIND("|",$H6)+1,FIND("-",$H6)-FIND("|",$H6)-1)-MID($H6,FIND("-",$H6)+1,11)=MID(BR6,FIND("|",BR6)+1,FIND("-",BR6)-FIND("|",BR6)-1)-MID(BR6,FIND("-",BR6)+1,11),$D$9)),) -> 0 | BU6: =+Idiomas!$D$238 -> Pegar Valores (J1) | BV6: =IFERROR(SUM(IF($H6=BU6,$D$10),IF(LEFT($H6,1)=LEFT(BU6,1),$D$8),IF(MID($H6,FIND("|",$H6)+1,FIND("-",$H6)-FIND("|",$H6)-1)-MID($H6,FIND("-",$H6)+1,11)=MID(BU6,FIND("|",BU6)+1,FIND("-",BU6)-FIND("|",BU6)-1)-MID(BU6,FIND("-",BU6)+1,11),$D$9)),) -> 0 | BX6: =+Idiomas!$D$238 -> Pegar Valores (J1) | BY6: =IFERROR(SUM(IF($H6=BX6,$D$10),IF(LEFT($H6,1)=LEFT(BX6,1),$D$8),IF(MID($H6,FIND("|",$H6)+1,FIND("-",$H6)-FIND("|",$H6)-1)-MID($H6,FIND("-",$H6)+1,11)=MID(BX6,FIND("|",BX6)+1,FIND("-",BX6)-FIND("|",BX6)-1)-MID(BX6,FIND("-",BX6)+1,11),$D$9)),) -> 0 | CA6: =+Idiomas!$D$238 -> Pegar Valores (J1) | CB6: =IFERROR(SUM(IF($H6=CA6,$D$10),IF(LEFT($H6,1)=LEFT(CA6,1),$D$8),IF(MID($H6,FIND("|",$H6)+1,FIND("-",$H6)-FIND("|",$H6)-1)-MID($H6,FIND("-",$H6)+1,11)=MID(CA6,FIND("|",CA6)+1,FIND("-",CA6)-FIND("|",CA6)-1)-MID(CA6,FIND("-",CA6)+1,11),$D$9)),) -> 0 | CD6: =+Idiomas!$D$238 -> Pegar Valores (J1) | CE6: =IFERROR(SUM(IF($H6=CD6,$D$10),IF(LEFT($H6,1)=LEFT(CD6,1),$D$8),IF(MID($H6,FIND("|",$H6)+1,FIND("-",$H6)-FIND("|",$H6)-1)-MID($H6,FIND("-",$H6)+1,11)=MID(CD6,FIND("|",CD6)+1,FIND("-",CD6)-FIND("|",CD6)-1)-MID(CD6,FIND("-",CD6)+1,11),$D$9)),) -> 0
C7: =+Idiomas!D186 -> Regla* | D7: =+Idiomas!D187 -> Puntos | G7: =CONCATENATE(League!D3,"-",League!K3) -> PSV Eindhoven-Union Saint-Gilloise | H7: =CONCATENATE(IF(League!G3>League!H3,1,IF(League!G3<League!H3,2,IF(AND(League!G3=League!H3,League!G3<>"",League!H3<>""),"X",0))),"|",League!G3,"-",League!H3) -> 2|1-3 | J7: 1|4-0 | K7: =IFERROR(SUM(IF($H7=J7,$D$10),IF(LEFT($H7,1)=LEFT(J7,1),$D$8),IF(MID($H7,FIND("|",$H7)+1,FIND("-",$H7)-FIND("|",$H7)-1)-MID($H7,FIND("-",$H7)+1,11)=MID(J7,FIND("|",J7)+1,FIND("-",J7)-FIND("|",J7)-1)-MID(J7,FIND("-",J7)+1,11),$D$9)),) -> 0 | M7: 1|1-0 | N7: =IFERROR(SUM(IF($H7=M7,$D$10),IF(LEFT($H7,1)=LEFT(M7,1),$D$8),IF(MID($H7,FIND("|",$H7)+1,FIND("-",$H7)-FIND("|",$H7)-1)-MID($H7,FIND("-",$H7)+1,11)=MID(M7,FIND("|",M7)+1,FIND("-",M7)-FIND("|",M7)-1)-MID(M7,FIND("-",M7)+1,11),$D$9)),) -> 0 | P7: 1|3-0 | Q7: =IFERROR(SUM(IF($H7=P7,$D$10),IF(LEFT($H7,1)=LEFT(P7,1),$D$8),IF(MID($H7,FIND("|",$H7)+1,FIND("-",$H7)-FIND("|",$H7)-1)-MID($H7,FIND("-",$H7)+1,11)=MID(P7,FIND("|",P7)+1,FIND("-",P7)-FIND("|",P7)-1)-MID(P7,FIND("-",P7)+1,11),$D$9)),) -> 0 | S7: 1|2-1 | T7: =IFERROR(SUM(IF($H7=S7,$D$10),IF(LEFT($H7,1)=LEFT(S7,1),$D$8),IF(MID($H7,FIND("|",$H7)+1,FIND("-",$H7)-FIND("|",$H7)-1)-MID($H7,FIND("-",$H7)+1,11)=MID(S7,FIND("|",S7)+1,FIND("-",S7)-FIND("|",S7)-1)-MID(S7,FIND("-",S7)+1,11),$D$9)),) -> 0 | V7: 1|2-1 | W7: =IFERROR(SUM(IF($H7=V7,$D$10),IF(LEFT($H7,1)=LEFT(V7,1),$D$8),IF(MID($H7,FIND("|",$H7)+1,FIND("-",$H7)-FIND("|",$H7)-1)-MID($H7,FIND("-",$H7)+1,11)=MID(V7,FIND("|",V7)+1,FIND("-",V7)-FIND("|",V7)-1)-MID(V7,FIND("-",V7)+1,11),$D$9)),) -> 0 | Y7: 1|2-1 | Z7: =IFERROR(SUM(IF($H7=Y7,$D$10),IF(LEFT($H7,1)=LEFT(Y7,1),$D$8),IF(MID($H7,FIND("|",$H7)+1,FIND("-",$H7)-FIND("|",$H7)-1)-MID($H7,FIND("-",$H7)+1,11)=MID(Y7,FIND("|",Y7)+1,FIND("-",Y7)-FIND("|",Y7)-1)-MID(Y7,FIND("-",Y7)+1,11),$D$9)),) -> 0 | AB7: 1|3-0 | AC7: =IFERROR(SUM(IF($H7=AB7,$D$10),IF(LEFT($H7,1)=LEFT(AB7,1),$D$8),IF(MID($H7,FIND("|",$H7)+1,FIND("-",$H7)-FIND("|",$H7)-1)-MID($H7,FIND("-",$H7)+1,11)=MID(AB7,FIND("|",AB7)+1,FIND("-",AB7)-FIND("|",AB7)-1)-MID(AB7,FIND("-",AB7)+1,11),$D$9)),) -> 0 | AE7: 1|2-0 | AF7: =IFERROR(SUM(IF($H7=AE7,$D$10),IF(LEFT($H7,1)=LEFT(AE7,1),$D$8),IF(MID($H7,FIND("|",$H7)+1,FIND("-",$H7)-FIND("|",$H7)-1)-MID($H7,FIND("-",$H7)+1,11)=MID(AE7,FIND("|",AE7)+1,FIND("-",AE7)-FIND("|",AE7)-1)-MID(AE7,FIND("-",AE7)+1,11),$D$9)),) -> 0 | AH7: 1|2-0 | AI7: =IFERROR(SUM(IF($H7=AH7,$D$10),IF(LEFT($H7,1)=LEFT(AH7,1),$D$8),IF(MID($H7,FIND("|",$H7)+1,FIND("-",$H7)-FIND("|",$H7)-1)-MID($H7,FIND("-",$H7)+1,11)=MID(AH7,FIND("|",AH7)+1,FIND("-",AH7)-FIND("|",AH7)-1)-MID(AH7,FIND("-",AH7)+1,11),$D$9)),) -> 0 | AK7: 1|2-0 | AL7: =IFERROR(SUM(IF($H7=AK7,$D$10),IF(LEFT($H7,1)=LEFT(AK7,1),$D$8),IF(MID($H7,FIND("|",$H7)+1,FIND("-",$H7)-FIND("|",$H7)-1)-MID($H7,FIND("-",$H7)+1,11)=MID(AK7,FIND("|",AK7)+1,FIND("-",AK7)-FIND("|",AK7)-1)-MID(AK7,FIND("-",AK7)+1,11),$D$9)),) -> 0 | AN7: 1|2-0 | AO7: =IFERROR(SUM(IF($H7=AN7,$D$10),IF(LEFT($H7,1)=LEFT(AN7,1),$D$8),IF(MID($H7,FIND("|",$H7)+1,FIND("-",$H7)-FIND("|",$H7)-1)-MID($H7,FIND("-",$H7)+1,11)=MID(AN7,FIND("|",AN7)+1,FIND("-",AN7)-FIND("|",AN7)-1)-MID(AN7,FIND("-",AN7)+1,11),$D$9)),) -> 0 | AQ7: 1|2-1 | AR7: =IFERROR(SUM(IF($H7=AQ7,$D$10),IF(LEFT($H7,1)=LEFT(AQ7,1),$D$8),IF(MID($H7,FIND("|",$H7)+1,FIND("-",$H7)-FIND("|",$H7)-1)-MID($H7,FIND("-",$H7)+1,11)=MID(AQ7,FIND("|",AQ7)+1,FIND("-",AQ7)-FIND("|",AQ7)-1)-MID(AQ7,FIND("-",AQ7)+1,11),$D$9)),) -> 0 | AT7: 1|2-0 | AU7: =IFERROR(SUM(IF($H7=AT7,$D$10),IF(LEFT($H7,1)=LEFT(AT7,1),$D$8),IF(MID($H7,FIND("|",$H7)+1,FIND("-",$H7)-FIND("|",$H7)-1)-MID($H7,FIND("-",$H7)+1,11)=MID(AT7,FIND("|",AT7)+1,FIND("-",AT7)-FIND("|",AT7)-1)-MID(AT7,FIND("-",AT7)+1,11),$D$9)),) -> 0 | AW7: 1|2-1 | AX7: =IFERROR(SUM(IF($H7=AW7,$D$10),IF(LEFT($H7,1)=LEFT(AW7,1),$D$8),IF(MID($H7,FIND("|",$H7)+1,FIND("-",$H7)-FIND("|",$H7)-1)-MID($H7,FIND("-",$H7)+1,11)=MID(AW7,FIND("|",AW7)+1,FIND("-",AW7)-FIND("|",AW7)-1)-MID(AW7,FIND("-",AW7)+1,11),$D$9)),) -> 0 | AZ7: 1|1-0 | BA7: =IFERROR(SUM(IF($H7=AZ7,$D$10),IF(LEFT($H7,1)=LEFT(AZ7,1),$D$8),IF(MID($H7,FIND("|",$H7)+1,FIND("-",$H7)-FIND("|",$H7)-1)-MID($H7,FIND("-",$H7)+1,11)=MID(AZ7,FIND("|",AZ7)+1,FIND("-",AZ7)-FIND("|",AZ7)-1)-MID(AZ7,FIND("-",AZ7)+1,11),$D$9)),) -> 0 | BC7: 1|2-0 | BD7: =IFERROR(SUM(IF($H7=BC7,$D$10),IF(LEFT($H7,1)=LEFT(BC7,1),$D$8),IF(MID($H7,FIND("|",$H7)+1,FIND("-",$H7)-FIND("|",$H7)-1)-MID($H7,FIND("-",$H7)+1,11)=MID(BC7,FIND("|",BC7)+1,FIND("-",BC7)-FIND("|",BC7)-1)-MID(BC7,FIND("-",BC7)+1,11),$D$9)),) -> 0 | BG7: =IFERROR(SUM(IF($H7=BF7,$D$10),IF(LEFT($H7,1)=LEFT(BF7,1),$D$8),IF(MID($H7,FIND("|",$H7)+1,FIND("-",$H7)-FIND("|",$H7)-1)-MID($H7,FIND("-",$H7)+1,11)=MID(BF7,FIND("|",BF7)+1,FIND("-",BF7)-FIND("|",BF7)-1)-MID(BF7,FIND("-",BF7)+1,11),$D$9)),) -> 0 | BJ7: =IFERROR(SUM(IF($H7=BI7,$D$10),IF(LEFT($H7,1)=LEFT(BI7,1),$D$8),IF(MID($H7,FIND("|",$H7)+1,FIND("-",$H7)-FIND("|",$H7)-1)-MID($H7,FIND("-",$H7)+1,11)=MID(BI7,FIND("|",BI7)+1,FIND("-",BI7)-FIND("|",BI7)-1)-MID(BI7,FIND("-",BI7)+1,11),$D$9)),) -> 0 | BM7: =IFERROR(SUM(IF($H7=BL7,$D$10),IF(LEFT($H7,1)=LEFT(BL7,1),$D$8),IF(MID($H7,FIND("|",$H7)+1,FIND("-",$H7)-FIND("|",$H7)-1)-MID($H7,FIND("-",$H7)+1,11)=MID(BL7,FIND("|",BL7)+1,FIND("-",BL7)-FIND("|",BL7)-1)-MID(BL7,FIND("-",BL7)+1,11),$D$9)),) -> 0 | BP7: =IFERROR(SUM(IF($H7=BO7,$D$10),IF(LEFT($H7,1)=LEFT(BO7,1),$D$8),IF(MID($H7,FIND("|",$H7)+1,FIND("-",$H7)-FIND("|",$H7)-1)-MID($H7,FIND("-",$H7)+1,11)=MID(BO7,FIND("|",BO7)+1,FIND("-",BO7)-FIND("|",BO7)-1)-MID(BO7,FIND("-",BO7)+1,11),$D$9)),) -> 0 | BS7: =IFERROR(SUM(IF($H7=BR7,$D$10),IF(LEFT($H7,1)=LEFT(BR7,1),$D$8),IF(MID($H7,FIND("|",$H7)+1,FIND("-",$H7)-FIND("|",$H7)-1)-MID($H7,FIND("-",$H7)+1,11)=MID(BR7,FIND("|",BR7)+1,FIND("-",BR7)-FIND("|",BR7)-1)-MID(BR7,FIND("-",BR7)+1,11),$D$9)),) -> 0 | BV7: =IFERROR(SUM(IF($H7=BU7,$D$10),IF(LEFT($H7,1)=LEFT(BU7,1),$D$8),IF(MID($H7,FIND("|",$H7)+1,FIND("-",$H7)-FIND("|",$H7)-1)-MID($H7,FIND("-",$H7)+1,11)=MID(BU7,FIND("|",BU7)+1,FIND("-",BU7)-FIND("|",BU7)-1)-MID(BU7,FIND("-",BU7)+1,11),$D$9)),) -> 0 | BY7: =IFERROR(SUM(IF($H7=BX7,$D$10),IF(LEFT($H7,1)=LEFT(BX7,1),$D$8),IF(MID($H7,FIND("|",$H7)+1,FIND("-",$H7)-FIND("|",$H7)-1)-MID($H7,FIND("-",$H7)+1,11)=MID(BX7,FIND("|",BX7)+1,FIND("-",BX7)-FIND("|",BX7)-1)-MID(BX7,FIND("-",BX7)+1,11),$D$9)),) -> 0 | CB7: =IFERROR(SUM(IF($H7=CA7,$D$10),IF(LEFT($H7,1)=LEFT(CA7,1),$D$8),IF(MID($H7,FIND("|",$H7)+1,FIND("-",$H7)-FIND("|",$H7)-1)-MID($H7,FIND("-",$H7)+1,11)=MID(CA7,FIND("|",CA7)+1,FIND("-",CA7)-FIND("|",CA7)-1)-MID(CA7,FIND("-",CA7)+1,11),$D$9)),) -> 0 | CE7: =IFERROR(SUM(IF($H7=CD7,$D$10),IF(LEFT($H7,1)=LEFT(CD7,1),$D$8),IF(MID($H7,FIND("|",$H7)+1,FIND("-",$H7)-FIND("|",$H7)-1)-MID($H7,FIND("-",$H7)+1,11)=MID(CD7,FIND("|",CD7)+1,FIND("-",CD7)-FIND("|",CD7)-1)-MID(CD7,FIND("-",CD7)+1,11),$D$9)),) -> 0
C8: =+Idiomas!D188 -> FASE DE LIGA - Signo 1X2* (local, empate, visitante) | D8: 2 | G8: =CONCATENATE(League!D4,"-",League!K4) -> Juventus-Borussia Dortmund | H8: =CONCATENATE(IF(League!G4>League!H4,1,IF(League!G4<League!H4,2,IF(AND(League!G4=League!H4,League!G4<>"",League!H4<>""),"X",0))),"|",League!G4,"-",League!H4) -> X|4-4 | J8: X|1-1 | K8: =IFERROR(SUM(IF($H8=J8,$D$10),IF(LEFT($H8,1)=LEFT(J8,1),$D$8),IF(MID($H8,FIND("|",$H8)+1,FIND("-",$H8)-FIND("|",$H8)-1)-MID($H8,FIND("-",$H8)+1,11)=MID(J8,FIND("|",J8)+1,FIND("-",J8)-FIND("|",J8)-1)-MID(J8,FIND("-",J8)+1,11),$D$9)),) -> 2 | M8: 2|1-2 | N8: =IFERROR(SUM(IF($H8=M8,$D$10),IF(LEFT($H8,1)=LEFT(M8,1),$D$8),IF(MID($H8,FIND("|",$H8)+1,FIND("-",$H8)-FIND("|",$H8)-1)-MID($H8,FIND("-",$H8)+1,11)=MID(M8,FIND("|",M8)+1,FIND("-",M8)-FIND("|",M8)-1)-MID(M8,FIND("-",M8)+1,11),$D$9)),) -> 0 | P8: 1|2-1 | Q8: =IFERROR(SUM(IF($H8=P8,$D$10),IF(LEFT($H8,1)=LEFT(P8,1),$D$8),IF(MID($H8,FIND("|",$H8)+1,FIND("-",$H8)-FIND("|",$H8)-1)-MID($H8,FIND("-",$H8)+1,11)=MID(P8,FIND("|",P8)+1,FIND("-",P8)-FIND("|",P8)-1)-MID(P8,FIND("-",P8)+1,11),$D$9)),) -> 0 | S8: X|2-2 | T8: =IFERROR(SUM(IF($H8=S8,$D$10),IF(LEFT($H8,1)=LEFT(S8,1),$D$8),IF(MID($H8,FIND("|",$H8)+1,FIND("-",$H8)-FIND("|",$H8)-1)-MID($H8,FIND("-",$H8)+1,11)=MID(S8,FIND("|",S8)+1,FIND("-",S8)-FIND("|",S8)-1)-MID(S8,FIND("-",S8)+1,11),$D$9)),) -> 2 | V8: X|0-0 | W8: =IFERROR(SUM(IF($H8=V8,$D$10),IF(LEFT($H8,1)=LEFT(V8,1),$D$8),IF(MID($H8,FIND("|",$H8)+1,FIND("-",$H8)-FIND("|",$H8)-1)-MID($H8,FIND("-",$H8)+1,11)=MID(V8,FIND("|",V8)+1,FIND("-",V8)-FIND("|",V8)-1)-MID(V8,FIND("-",V8)+1,11),$D$9)),) -> 2 | Y8: X|1-1 | Z8: =IFERROR(SUM(IF($H8=Y8,$D$10),IF(LEFT($H8,1)=LEFT(Y8,1),$D$8),IF(MID($H8,FIND("|",$H8)+1,FIND("-",$H8)-FIND("|",$H8)-1)-MID($H8,FIND("-",$H8)+1,11)=MID(Y8,FIND("|",Y8)+1,FIND("-",Y8)-FIND("|",Y8)-1)-MID(Y8,FIND("-",Y8)+1,11),$D$9)),) -> 2 | AB8: 2|1-2 | AC8: =IFERROR(SUM(IF($H8=AB8,$D$10),IF(LEFT($H8,1)=LEFT(AB8,1),$D$8),IF(MID($H8,FIND("|",$H8)+1,FIND("-",$H8)-FIND("|",$H8)-1)-MID($H8,FIND("-",$H8)+1,11)=MID(AB8,FIND("|",AB8)+1,FIND("-",AB8)-FIND("|",AB8)-1)-MID(AB8,FIND("-",AB8)+1,11),$D$9)),) -> 0 | AE8: 1|3-2 | AF8: =IFERROR(SUM(IF($H8=AE8,$D$10),IF(LEFT($H8,1)=LEFT(AE8,1),$D$8),IF(MID($H8,FIND("|",$H8)+1,FIND("-",$H8)-FIND("|",$H8)-1)-MID($H8,FIND("-",$H8)+1,11)=MID(AE8,FIND("|",AE8)+1,FIND("-",AE8)-FIND("|",AE8)-1)-MID(AE8,FIND("-",AE8)+1,11),$D$9)),) -> 0 | AH8: X|1-1 | AI8: =IFERROR(SUM(IF($H8=AH8,$D$10),IF(LEFT($H8,1)=LEFT(AH8,1),$D$8),IF(MID($H8,FIND("|",$H8)+1,FIND("-",$H8)-FIND("|",$H8)-1)-MID($H8,FIND("-",$H8)+1,11)=MID(AH8,FIND("|",AH8)+1,FIND("-",AH8)-FIND("|",AH8)-1)-MID(AH8,FIND("-",AH8)+1,11),$D$9)),) -> 2 | AK8: 1|2-1 | AL8: =IFERROR(SUM(IF($H8=AK8,$D$10),IF(LEFT($H8,1)=LEFT(AK8,1),$D$8),IF(MID($H8,FIND("|",$H8)+1,FIND("-",$H8)-FIND("|",$H8)-1)-MID($H8,FIND("-",$H8)+1,11)=MID(AK8,FIND("|",AK8)+1,FIND("-",AK8)-FIND("|",AK8)-1)-MID(AK8,FIND("-",AK8)+1,11),$D$9)),) -> 0 | AN8: 2|1-2 | AO8: =IFERROR(SUM(IF($H8=AN8,$D$10),IF(LEFT($H8,1)=LEFT(AN8,1),$D$8),IF(MID($H8,FIND("|",$H8)+1,FIND("-",$H8)-FIND("|",$H8)-1)-MID($H8,FIND("-",$H8)+1,11)=MID(AN8,FIND("|",AN8)+1,FIND("-",AN8)-FIND("|",AN8)-1)-MID(AN8,FIND("-",AN8)+1,11),$D$9)),) -> 0 | AQ8: 2|1-2 | AR8: =IFERROR(SUM(IF($H8=AQ8,$D$10),IF(LEFT($H8,1)=LEFT(AQ8,1),$D$8),IF(MID($H8,FIND("|",$H8)+1,FIND("-",$H8)-FIND("|",$H8)-1)-MID($H8,FIND("-",$H8)+1,11)=MID(AQ8,FIND("|",AQ8)+1,FIND("-",AQ8)-FIND("|",AQ8)-1)-MID(AQ8,FIND("-",AQ8)+1,11),$D$9)),) -> 0 | AT8: X|1-1 | AU8: =IFERROR(SUM(IF($H8=AT8,$D$10),IF(LEFT($H8,1)=LEFT(AT8,1),$D$8),IF(MID($H8,FIND("|",$H8)+1,FIND("-",$H8)-FIND("|",$H8)-1)-MID($H8,FIND("-",$H8)+1,11)=MID(AT8,FIND("|",AT8)+1,FIND("-",AT8)-FIND("|",AT8)-1)-MID(AT8,FIND("-",AT8)+1,11),$D$9)),) -> 2 | AW8: 1|2-1 | AX8: =IFERROR(SUM(IF($H8=AW8,$D$10),IF(LEFT($H8,1)=LEFT(AW8,1),$D$8),IF(MID($H8,FIND("|",$H8)+1,FIND("-",$H8)-FIND("|",$H8)-1)-MID($H8,FIND("-",$H8)+1,11)=MID(AW8,FIND("|",AW8)+1,FIND("-",AW8)-FIND("|",AW8)-1)-MID(AW8,FIND("-",AW8)+1,11),$D$9)),) -> 0 | AZ8: X|2-2 | BA8: =IFERROR(SUM(IF($H8=AZ8,$D$10),IF(LEFT($H8,1)=LEFT(AZ8,1),$D$8),IF(MID($H8,FIND("|",$H8)+1,FIND("-",$H8)-FIND("|",$H8)-1)-MID($H8,FIND("-",$H8)+1,11)=MID(AZ8,FIND("|",AZ8)+1,FIND("-",AZ8)-FIND("|",AZ8)-1)-MID(AZ8,FIND("-",AZ8)+1,11),$D$9)),) -> 2 | BC8: X|2-2 | BD8: =IFERROR(SUM(IF($H8=BC8,$D$10),IF(LEFT($H8,1)=LEFT(BC8,1),$D$8),IF(MID($H8,FIND("|",$H8)+1,FIND("-",$H8)-FIND("|",$H8)-1)-MID($H8,FIND("-",$H8)+1,11)=MID(BC8,FIND("|",BC8)+1,FIND("-",BC8)-FIND("|",BC8)-1)-MID(BC8,FIND("-",BC8)+1,11),$D$9)),) -> 2 | BG8: =IFERROR(SUM(IF($H8=BF8,$D$10),IF(LEFT($H8,1)=LEFT(BF8,1),$D$8),IF(MID($H8,FIND("|",$H8)+1,FIND("-",$H8)-FIND("|",$H8)-1)-MID($H8,FIND("-",$H8)+1,11)=MID(BF8,FIND("|",BF8)+1,FIND("-",BF8)-FIND("|",BF8)-1)-MID(BF8,FIND("-",BF8)+1,11),$D$9)),) -> 0 | BJ8: =IFERROR(SUM(IF($H8=BI8,$D$10),IF(LEFT($H8,1)=LEFT(BI8,1),$D$8),IF(MID($H8,FIND("|",$H8)+1,FIND("-",$H8)-FIND("|",$H8)-1)-MID($H8,FIND("-",$H8)+1,11)=MID(BI8,FIND("|",BI8)+1,FIND("-",BI8)-FIND("|",BI8)-1)-MID(BI8,FIND("-",BI8)+1,11),$D$9)),) -> 0 | BM8: =IFERROR(SUM(IF($H8=BL8,$D$10),IF(LEFT($H8,1)=LEFT(BL8,1),$D$8),IF(MID($H8,FIND("|",$H8)+1,FIND("-",$H8)-FIND("|",$H8)-1)-MID($H8,FIND("-",$H8)+1,11)=MID(BL8,FIND("|",BL8)+1,FIND("-",BL8)-FIND("|",BL8)-1)-MID(BL8,FIND("-",BL8)+1,11),$D$9)),) -> 0 | BP8: =IFERROR(SUM(IF($H8=BO8,$D$10),IF(LEFT($H8,1)=LEFT(BO8,1),$D$8),IF(MID($H8,FIND("|",$H8)+1,FIND("-",$H8)-FIND("|",$H8)-1)-MID($H8,FIND("-",$H8)+1,11)=MID(BO8,FIND("|",BO8)+1,FIND("-",BO8)-FIND("|",BO8)-1)-MID(BO8,FIND("-",BO8)+1,11),$D$9)),) -> 0 | BS8: =IFERROR(SUM(IF($H8=BR8,$D$10),IF(LEFT($H8,1)=LEFT(BR8,1),$D$8),IF(MID($H8,FIND("|",$H8)+1,FIND("-",$H8)-FIND("|",$H8)-1)-MID($H8,FIND("-",$H8)+1,11)=MID(BR8,FIND("|",BR8)+1,FIND("-",BR8)-FIND("|",BR8)-1)-MID(BR8,FIND("-",BR8)+1,11),$D$9)),) -> 0 | BV8: =IFERROR(SUM(IF($H8=BU8,$D$10),IF(LEFT($H8,1)=LEFT(BU8,1),$D$8),IF(MID($H8,FIND("|",$H8)+1,FIND("-",$H8)-FIND("|",$H8)-1)-MID($H8,FIND("-",$H8)+1,11)=MID(BU8,FIND("|",BU8)+1,FIND("-",BU8)-FIND("|",BU8)-1)-MID(BU8,FIND("-",BU8)+1,11),$D$9)),) -> 0 | BY8: =IFERROR(SUM(IF($H8=BX8,$D$10),IF(LEFT($H8,1)=LEFT(BX8,1),$D$8),IF(MID($H8,FIND("|",$H8)+1,FIND("-",$H8)-FIND("|",$H8)-1)-MID($H8,FIND("-",$H8)+1,11)=MID(BX8,FIND("|",BX8)+1,FIND("-",BX8)-FIND("|",BX8)-1)-MID(BX8,FIND("-",BX8)+1,11),$D$9)),) -> 0 | CB8: =IFERROR(SUM(IF($H8=CA8,$D$10),IF(LEFT($H8,1)=LEFT(CA8,1),$D$8),IF(MID($H8,FIND("|",$H8)+1,FIND("-",$H8)-FIND("|",$H8)-1)-MID($H8,FIND("-",$H8)+1,11)=MID(CA8,FIND("|",CA8)+1,FIND("-",CA8)-FIND("|",CA8)-1)-MID(CA8,FIND("-",CA8)+1,11),$D$9)),) -> 0 | CE8: =IFERROR(SUM(IF($H8=CD8,$D$10),IF(LEFT($H8,1)=LEFT(CD8,1),$D$8),IF(MID($H8,FIND("|",$H8)+1,FIND("-",$H8)-FIND("|",$H8)-1)-MID($H8,FIND("-",$H8)+1,11)=MID(CD8,FIND("|",CD8)+1,FIND("-",CD8)-FIND("|",CD8)-1)-MID(CD8,FIND("-",CD8)+1,11),$D$9)),) -> 0
C9: =+Idiomas!D189 -> FASE DE LIGA -Diferencia de goles | D9: 0 | G9: =CONCATENATE(League!D5,"-",League!K5) -> Real Madrid-Marseille | H9: =CONCATENATE(IF(League!G5>League!H5,1,IF(League!G5<League!H5,2,IF(AND(League!G5=League!H5,League!G5<>"",League!H5<>""),"X",0))),"|",League!G5,"-",League!H5) -> 1|2-1 | J9: 1|3-1 | K9: =IFERROR(SUM(IF($H9=J9,$D$10),IF(LEFT($H9,1)=LEFT(J9,1),$D$8),IF(MID($H9,FIND("|",$H9)+1,FIND("-",$H9)-FIND("|",$H9)-1)-MID($H9,FIND("-",$H9)+1,11)=MID(J9,FIND("|",J9)+1,FIND("-",J9)-FIND("|",J9)-1)-MID(J9,FIND("-",J9)+1,11),$D$9)),) -> 2 | M9: 1|1-0 | N9: =IFERROR(SUM(IF($H9=M9,$D$10),IF(LEFT($H9,1)=LEFT(M9,1),$D$8),IF(MID($H9,FIND("|",$H9)+1,FIND("-",$H9)-FIND("|",$H9)-1)-MID($H9,FIND("-",$H9)+1,11)=MID(M9,FIND("|",M9)+1,FIND("-",M9)-FIND("|",M9)-1)-MID(M9,FIND("-",M9)+1,11),$D$9)),) -> 2 | P9: 1|4-1 | Q9: =IFERROR(SUM(IF($H9=P9,$D$10),IF(LEFT($H9,1)=LEFT(P9,1),$D$8),IF(MID($H9,FIND("|",$H9)+1,FIND("-",$H9)-FIND("|",$H9)-1)-MID($H9,FIND("-",$H9)+1,11)=MID(P9,FIND("|",P9)+1,FIND("-",P9)-FIND("|",P9)-1)-MID(P9,FIND("-",P9)+1,11),$D$9)),) -> 2 | S9: 1|2-0 | T9: =IFERROR(SUM(IF($H9=S9,$D$10),IF(LEFT($H9,1)=LEFT(S9,1),$D$8),IF(MID($H9,FIND("|",$H9)+1,FIND("-",$H9)-FIND("|",$H9)-1)-MID($H9,FIND("-",$H9)+1,11)=MID(S9,FIND("|",S9)+1,FIND("-",S9)-FIND("|",S9)-1)-MID(S9,FIND("-",S9)+1,11),$D$9)),) -> 2 | V9: 1|3-1 | W9: =IFERROR(SUM(IF($H9=V9,$D$10),IF(LEFT($H9,1)=LEFT(V9,1),$D$8),IF(MID($H9,FIND("|",$H9)+1,FIND("-",$H9)-FIND("|",$H9)-1)-MID($H9,FIND("-",$H9)+1,11)=MID(V9,FIND("|",V9)+1,FIND("-",V9)-FIND("|",V9)-1)-MID(V9,FIND("-",V9)+1,11),$D$9)),) -> 2 | Y9: 1|2-1 | Z9: =IFERROR(SUM(IF($H9=Y9,$D$10),IF(LEFT($H9,1)=LEFT(Y9,1),$D$8),IF(MID($H9,FIND("|",$H9)+1,FIND("-",$H9)-FIND("|",$H9)-1)-MID($H9,FIND("-",$H9)+1,11)=MID(Y9,FIND("|",Y9)+1,FIND("-",Y9)-FIND("|",Y9)-1)-MID(Y9,FIND("-",Y9)+1,11),$D$9)),) -> 5 | AB9: 1|3-1 | AC9: =IFERROR(SUM(IF($H9=AB9,$D$10),IF(LEFT($H9,1)=LEFT(AB9,1),$D$8),IF(MID($H9,FIND("|",$H9)+1,FIND("-",$H9)-FIND("|",$H9)-1)-MID($H9,FIND("-",$H9)+1,11)=MID(AB9,FIND("|",AB9)+1,FIND("-",AB9)-FIND("|",AB9)-1)-MID(AB9,FIND("-",AB9)+1,11),$D$9)),) -> 2 | AE9: 1|3-1 | AF9: =IFERROR(SUM(IF($H9=AE9,$D$10),IF(LEFT($H9,1)=LEFT(AE9,1),$D$8),IF(MID($H9,FIND("|",$H9)+1,FIND("-",$H9)-FIND("|",$H9)-1)-MID($H9,FIND("-",$H9)+1,11)=MID(AE9,FIND("|",AE9)+1,FIND("-",AE9)-FIND("|",AE9)-1)-MID(AE9,FIND("-",AE9)+1,11),$D$9)),) -> 2 | AH9: 1|2-0 | AI9: =IFERROR(SUM(IF($H9=AH9,$D$10),IF(LEFT($H9,1)=LEFT(AH9,1),$D$8),IF(MID($H9,FIND("|",$H9)+1,FIND("-",$H9)-FIND("|",$H9)-1)-MID($H9,FIND("-",$H9)+1,11)=MID(AH9,FIND("|",AH9)+1,FIND("-",AH9)-FIND("|",AH9)-1)-MID(AH9,FIND("-",AH9)+1,11),$D$9)),) -> 2 | AK9: 1|4-0 | AL9: =IFERROR(SUM(IF($H9=AK9,$D$10),IF(LEFT($H9,1)=LEFT(AK9,1),$D$8),IF(MID($H9,FIND("|",$H9)+1,FIND("-",$H9)-FIND("|",$H9)-1)-MID($H9,FIND("-",$H9)+1,11)=MID(AK9,FIND("|",AK9)+1,FIND("-",AK9)-FIND("|",AK9)-1)-MID(AK9,FIND("-",AK9)+1,11),$D$9)),) -> 2 | AN9: 1|3-1 | AO9: =IFERROR(SUM(IF($H9=AN9,$D$10),IF(LEFT($H9,1)=LEFT(AN9,1),$D$8),IF(MID($H9,FIND("|",$H9)+1,FIND("-",$H9)-FIND("|",$H9)-1)-MID($H9,FIND("-",$H9)+1,11)=MID(AN9,FIND("|",AN9)+1,FIND("-",AN9)-FIND("|",AN9)-1)-MID(AN9,FIND("-",AN9)+1,11),$D$9)),) -> 2 | AQ9: 1|3-1 | AR9: =IFERROR(SUM(IF($H9=AQ9,$D$10),IF(LEFT($H9,1)=LEFT(AQ9,1),$D$8),IF(MID($H9,FIND("|",$H9)+1,FIND("-",$H9)-FIND("|",$H9)-1)-MID($H9,FIND("-",$H9)+1,11)=MID(AQ9,FIND("|",AQ9)+1,FIND("-",AQ9)-FIND("|",AQ9)-1)-MID(AQ9,FIND("-",AQ9)+1,11),$D$9)),) -> 2 | AT9: 1|3-1 | AU9: =IFERROR(SUM(IF($H9=AT9,$D$10),IF(LEFT($H9,1)=LEFT(AT9,1),$D$8),IF(MID($H9,FIND("|",$H9)+1,FIND("-",$H9)-FIND("|",$H9)-1)-MID($H9,FIND("-",$H9)+1,11)=MID(AT9,FIND("|",AT9)+1,FIND("-",AT9)-FIND("|",AT9)-1)-MID(AT9,FIND("-",AT9)+1,11),$D$9)),) -> 2 | AW9: 1|3-1 | AX9: =IFERROR(SUM(IF($H9=AW9,$D$10),IF(LEFT($H9,1)=LEFT(AW9,1),$D$8),IF(MID($H9,FIND("|",$H9)+1,FIND("-",$H9)-FIND("|",$H9)-1)-MID($H9,FIND("-",$H9)+1,11)=MID(AW9,FIND("|",AW9)+1,FIND("-",AW9)-FIND("|",AW9)-1)-MID(AW9,FIND("-",AW9)+1,11),$D$9)),) -> 2 | AZ9: 1|2-1 | BA9: =IFERROR(SUM(IF($H9=AZ9,$D$10),IF(LEFT($H9,1)=LEFT(AZ9,1),$D$8),IF(MID($H9,FIND("|",$H9)+1,FIND("-",$H9)-FIND("|",$H9)-1)-MID($H9,FIND("-",$H9)+1,11)=MID(AZ9,FIND("|",AZ9)+1,FIND("-",AZ9)-FIND("|",AZ9)-1)-MID(AZ9,FIND("-",AZ9)+1,11),$D$9)),) -> 5 | BC9: 1|3-0 | BD9: =IFERROR(SUM(IF($H9=BC9,$D$10),IF(LEFT($H9,1)=LEFT(BC9,1),$D$8),IF(MID($H9,FIND("|",$H9)+1,FIND("-",$H9)-FIND("|",$H9)-1)-MID($H9,FIND("-",$H9)+1,11)=MID(BC9,FIND("|",BC9)+1,FIND("-",BC9)-FIND("|",BC9)-1)-MID(BC9,FIND("-",BC9)+1,11),$D$9)),) -> 2 | BG9: =IFERROR(SUM(IF($H9=BF9,$D$10),IF(LEFT($H9,1)=LEFT(BF9,1),$D$8),IF(MID($H9,FIND("|",$H9)+1,FIND("-",$H9)-FIND("|",$H9)-1)-MID($H9,FIND("-",$H9)+1,11)=MID(BF9,FIND("|",BF9)+1,FIND("-",BF9)-FIND("|",BF9)-1)-MID(BF9,FIND("-",BF9)+1,11),$D$9)),) -> 0 | BJ9: =IFERROR(SUM(IF($H9=BI9,$D$10),IF(LEFT($H9,1)=LEFT(BI9,1),$D$8),IF(MID($H9,FIND("|",$H9)+1,FIND("-",$H9)-FIND("|",$H9)-1)-MID($H9,FIND("-",$H9)+1,11)=MID(BI9,FIND("|",BI9)+1,FIND("-",BI9)-FIND("|",BI9)-1)-MID(BI9,FIND("-",BI9)+1,11),$D$9)),) -> 0 | BM9: =IFERROR(SUM(IF($H9=BL9,$D$10),IF(LEFT($H9,1)=LEFT(BL9,1),$D$8),IF(MID($H9,FIND("|",$H9)+1,FIND("-",$H9)-FIND("|",$H9)-1)-MID($H9,FIND("-",$H9)+1,11)=MID(BL9,FIND("|",BL9)+1,FIND("-",BL9)-FIND("|",BL9)-1)-MID(BL9,FIND("-",BL9)+1,11),$D$9)),) -> 0 | BP9: =IFERROR(SUM(IF($H9=BO9,$D$10),IF(LEFT($H9,1)=LEFT(BO9,1),$D$8),IF(MID($H9,FIND("|",$H9)+1,FIND("-",$H9)-FIND("|",$H9)-1)-MID($H9,FIND("-",$H9)+1,11)=MID(BO9,FIND("|",BO9)+1,FIND("-",BO9)-FIND("|",BO9)-1)-MID(BO9,FIND("-",BO9)+1,11),$D$9)),) -> 0 | BS9: =IFERROR(SUM(IF($H9=BR9,$D$10),IF(LEFT($H9,1)=LEFT(BR9,1),$D$8),IF(MID($H9,FIND("|",$H9)+1,FIND("-",$H9)-FIND("|",$H9)-1)-MID($H9,FIND("-",$H9)+1,11)=MID(BR9,FIND("|",BR9)+1,FIND("-",BR9)-FIND("|",BR9)-1)-MID(BR9,FIND("-",BR9)+1,11),$D$9)),) -> 0 | BV9: =IFERROR(SUM(IF($H9=BU9,$D$10),IF(LEFT($H9,1)=LEFT(BU9,1),$D$8),IF(MID($H9,FIND("|",$H9)+1,FIND("-",$H9)-FIND("|",$H9)-1)-MID($H9,FIND("-",$H9)+1,11)=MID(BU9,FIND("|",BU9)+1,FIND("-",BU9)-FIND("|",BU9)-1)-MID(BU9,FIND("-",BU9)+1,11),$D$9)),) -> 0 | BY9: =IFERROR(SUM(IF($H9=BX9,$D$10),IF(LEFT($H9,1)=LEFT(BX9,1),$D$8),IF(MID($H9,FIND("|",$H9)+1,FIND("-",$H9)-FIND("|",$H9)-1)-MID($H9,FIND("-",$H9)+1,11)=MID(BX9,FIND("|",BX9)+1,FIND("-",BX9)-FIND("|",BX9)-1)-MID(BX9,FIND("-",BX9)+1,11),$D$9)),) -> 0 | CB9: =IFERROR(SUM(IF($H9=CA9,$D$10),IF(LEFT($H9,1)=LEFT(CA9,1),$D$8),IF(MID($H9,FIND("|",$H9)+1,FIND("-",$H9)-FIND("|",$H9)-1)-MID($H9,FIND("-",$H9)+1,11)=MID(CA9,FIND("|",CA9)+1,FIND("-",CA9)-FIND("|",CA9)-1)-MID(CA9,FIND("-",CA9)+1,11),$D$9)),) -> 0 | CE9: =IFERROR(SUM(IF($H9=CD9,$D$10),IF(LEFT($H9,1)=LEFT(CD9,1),$D$8),IF(MID($H9,FIND("|",$H9)+1,FIND("-",$H9)-FIND("|",$H9)-1)-MID($H9,FIND("-",$H9)+1,11)=MID(CD9,FIND("|",CD9)+1,FIND("-",CD9)-FIND("|",CD9)-1)-MID(CD9,FIND("-",CD9)+1,11),$D$9)),) -> 0
C10: =+Idiomas!D190 -> FASE DE LIGA - Resultado exacto | D10: 3 | G10: =CONCATENATE(League!D6,"-",League!K6) -> Benfica-Qarabağ | H10: =CONCATENATE(IF(League!G6>League!H6,1,IF(League!G6<League!H6,2,IF(AND(League!G6=League!H6,League!G6<>"",League!H6<>""),"X",0))),"|",League!G6,"-",League!H6) -> 2|2-3 | J10: 1|5-1 | K10: =IFERROR(SUM(IF($H10=J10,$D$10),IF(LEFT($H10,1)=LEFT(J10,1),$D$8),IF(MID($H10,FIND("|",$H10)+1,FIND("-",$H10)-FIND("|",$H10)-1)-MID($H10,FIND("-",$H10)+1,11)=MID(J10,FIND("|",J10)+1,FIND("-",J10)-FIND("|",J10)-1)-MID(J10,FIND("-",J10)+1,11),$D$9)),) -> 0 | M10: 1|2-0 | N10: =IFERROR(SUM(IF($H10=M10,$D$10),IF(LEFT($H10,1)=LEFT(M10,1),$D$8),IF(MID($H10,FIND("|",$H10)+1,FIND("-",$H10)-FIND("|",$H10)-1)-MID($H10,FIND("-",$H10)+1,11)=MID(M10,FIND("|",M10)+1,FIND("-",M10)-FIND("|",M10)-1)-MID(M10,FIND("-",M10)+1,11),$D$9)),) -> 0 | P10: 1|2-0 | Q10: =IFERROR(SUM(IF($H10=P10,$D$10),IF(LEFT($H10,1)=LEFT(P10,1),$D$8),IF(MID($H10,FIND("|",$H10)+1,FIND("-",$H10)-FIND("|",$H10)-1)-MID($H10,FIND("-",$H10)+1,11)=MID(P10,FIND("|",P10)+1,FIND("-",P10)-FIND("|",P10)-1)-MID(P10,FIND("-",P10)+1,11),$D$9)),) -> 0 | S10: 1|1-0 | T10: =IFERROR(SUM(IF($H10=S10,$D$10),IF(LEFT($H10,1)=LEFT(S10,1),$D$8),IF(MID($H10,FIND("|",$H10)+1,FIND("-",$H10)-FIND("|",$H10)-1)-MID($H10,FIND("-",$H10)+1,11)=MID(S10,FIND("|",S10)+1,FIND("-",S10)-FIND("|",S10)-1)-MID(S10,FIND("-",S10)+1,11),$D$9)),) -> 0 | V10: X|2-2 | W10: =IFERROR(SUM(IF($H10=V10,$D$10),IF(LEFT($H10,1)=LEFT(V10,1),$D$8),IF(MID($H10,FIND("|",$H10)+1,FIND("-",$H10)-FIND("|",$H10)-1)-MID($H10,FIND("-",$H10)+1,11)=MID(V10,FIND("|",V10)+1,FIND("-",V10)-FIND("|",V10)-1)-MID(V10,FIND("-",V10)+1,11),$D$9)),) -> 0 | Y10: 1|4-0 | Z10: =IFERROR(SUM(IF($H10=Y10,$D$10),IF(LEFT($H10,1)=LEFT(Y10,1),$D$8),IF(MID($H10,FIND("|",$H10)+1,FIND("-",$H10)-FIND("|",$H10)-1)-MID($H10,FIND("-",$H10)+1,11)=MID(Y10,FIND("|",Y10)+1,FIND("-",Y10)-FIND("|",Y10)-1)-MID(Y10,FIND("-",Y10)+1,11),$D$9)),) -> 0 | AB10: 1|3-0 | AC10: =IFERROR(SUM(IF($H10=AB10,$D$10),IF(LEFT($H10,1)=LEFT(AB10,1),$D$8),IF(MID($H10,FIND("|",$H10)+1,FIND("-",$H10)-FIND("|",$H10)-1)-MID($H10,FIND("-",$H10)+1,11)=MID(AB10,FIND("|",AB10)+1,FIND("-",AB10)-FIND("|",AB10)-1)-MID(AB10,FIND("-",AB10)+1,11),$D$9)),) -> 0 | AE10: 1|4-1 | AF10: =IFERROR(SUM(IF($H10=AE10,$D$10),IF(LEFT($H10,1)=LEFT(AE10,1),$D$8),IF(MID($H10,FIND("|",$H10)+1,FIND("-",$H10)-FIND("|",$H10)-1)-MID($H10,FIND("-",$H10)+1,11)=MID(AE10,FIND("|",AE10)+1,FIND("-",AE10)-FIND("|",AE10)-1)-MID(AE10,FIND("-",AE10)+1,11),$D$9)),) -> 0 | AH10: 1|4-0 | AI10: =IFERROR(SUM(IF($H10=AH10,$D$10),IF(LEFT($H10,1)=LEFT(AH10,1),$D$8),IF(MID($H10,FIND("|",$H10)+1,FIND("-",$H10)-FIND("|",$H10)-1)-MID($H10,FIND("-",$H10)+1,11)=MID(AH10,FIND("|",AH10)+1,FIND("-",AH10)-FIND("|",AH10)-1)-MID(AH10,FIND("-",AH10)+1,11),$D$9)),) -> 0 | AK10: 1|3-0 | AL10: =IFERROR(SUM(IF($H10=AK10,$D$10),IF(LEFT($H10,1)=LEFT(AK10,1),$D$8),IF(MID($H10,FIND("|",$H10)+1,FIND("-",$H10)-FIND("|",$H10)-1)-MID($H10,FIND("-",$H10)+1,11)=MID(AK10,FIND("|",AK10)+1,FIND("-",AK10)-FIND("|",AK10)-1)-MID(AK10,FIND("-",AK10)+1,11),$D$9)),) -> 0 | AN10: 1|3-0 | AO10: =IFERROR(SUM(IF($H10=AN10,$D$10),IF(LEFT($H10,1)=LEFT(AN10,1),$D$8),IF(MID($H10,FIND("|",$H10)+1,FIND("-",$H10)-FIND("|",$H10)-1)-MID($H10,FIND("-",$H10)+1,11)=MID(AN10,FIND("|",AN10)+1,FIND("-",AN10)-FIND("|",AN10)-1)-MID(AN10,FIND("-",AN10)+1,11),$D$9)),) -> 0 | AQ10: 1|2-0 | AR10: =IFERROR(SUM(IF($H10=AQ10,$D$10),IF(LEFT($H10,1)=LEFT(AQ10,1),$D$8),IF(MID($H10,FIND("|",$H10)+1,FIND("-",$H10)-FIND("|",$H10)-1)-MID($H10,FIND("-",$H10)+1,11)=MID(AQ10,FIND("|",AQ10)+1,FIND("-",AQ10)-FIND("|",AQ10)-1)-MID(AQ10,FIND("-",AQ10)+1,11),$D$9)),) -> 0 | AT10: 1|2-0 | AU10: =IFERROR(SUM(IF($H10=AT10,$D$10),IF(LEFT($H10,1)=LEFT(AT10,1),$D$8),IF(MID($H10,FIND("|",$H10)+1,FIND("-",$H10)-FIND("|",$H10)-1)-MID($H10,FIND("-",$H10)+1,11)=MID(AT10,FIND("|",AT10)+1,FIND("-",AT10)-FIND("|",AT10)-1)-MID(AT10,FIND("-",AT10)+1,11),$D$9)),) -> 0 | AW10: 1|3-0 | AX10: =IFERROR(SUM(IF($H10=AW10,$D$10),IF(LEFT($H10,1)=LEFT(AW10,1),$D$8),IF(MID($H10,FIND("|",$H10)+1,FIND("-",$H10)-FIND("|",$H10)-1)-MID($H10,FIND("-",$H10)+1,11)=MID(AW10,FIND("|",AW10)+1,FIND("-",AW10)-FIND("|",AW10)-1)-MID(AW10,FIND("-",AW10)+1,11),$D$9)),) -> 0 | AZ10: 1|2-0 | BA10: =IFERROR(SUM(IF($H10=AZ10,$D$10),IF(LEFT($H10,1)=LEFT(AZ10,1),$D$8),IF(MID($H10,FIND("|",$H10)+1,FIND("-",$H10)-FIND("|",$H10)-1)-MID($H10,FIND("-",$H10)+1,11)=MID(AZ10,FIND("|",AZ10)+1,FIND("-",AZ10)-FIND("|",AZ10)-1)-MID(AZ10,FIND("-",AZ10)+1,11),$D$9)),) -> 0 | BC10: 1|2-0 | BD10: =IFERROR(SUM(IF($H10=BC10,$D$10),IF(LEFT($H10,1)=LEFT(BC10,1),$D$8),IF(MID($H10,FIND("|",$H10)+1,FIND("-",$H10)-FIND("|",$H10)-1)-MID($H10,FIND("-",$H10)+1,11)=MID(BC10,FIND("|",BC10)+1,FIND("-",BC10)-FIND("|",BC10)-1)-MID(BC10,FIND("-",BC10)+1,11),$D$9)),) -> 0 | BG10: =IFERROR(SUM(IF($H10=BF10,$D$10),IF(LEFT($H10,1)=LEFT(BF10,1),$D$8),IF(MID($H10,FIND("|",$H10)+1,FIND("-",$H10)-FIND("|",$H10)-1)-MID($H10,FIND("-",$H10)+1,11)=MID(BF10,FIND("|",BF10)+1,FIND("-",BF10)-FIND("|",BF10)-1)-MID(BF10,FIND("-",BF10)+1,11),$D$9)),) -> 0 | BJ10: =IFERROR(SUM(IF($H10=BI10,$D$10),IF(LEFT($H10,1)=LEFT(BI10,1),$D$8),IF(MID($H10,FIND("|",$H10)+1,FIND("-",$H10)-FIND("|",$H10)-1)-MID($H10,FIND("-",$H10)+1,11)=MID(BI10,FIND("|",BI10)+1,FIND("-",BI10)-FIND("|",BI10)-1)-MID(BI10,FIND("-",BI10)+1,11),$D$9)),) -> 0 | BM10: =IFERROR(SUM(IF($H10=BL10,$D$10),IF(LEFT($H10,1)=LEFT(BL10,1),$D$8),IF(MID($H10,FIND("|",$H10)+1,FIND("-",$H10)-FIND("|",$H10)-1)-MID($H10,FIND("-",$H10)+1,11)=MID(BL10,FIND("|",BL10)+1,FIND("-",BL10)-FIND("|",BL10)-1)-MID(BL10,FIND("-",BL10)+1,11),$D$9)),) -> 0 | BP10: =IFERROR(SUM(IF($H10=BO10,$D$10),IF(LEFT($H10,1)=LEFT(BO10,1),$D$8),IF(MID($H10,FIND("|",$H10)+1,FIND("-",$H10)-FIND("|",$H10)-1)-MID($H10,FIND("-",$H10)+1,11)=MID(BO10,FIND("|",BO10)+1,FIND("-",BO10)-FIND("|",BO10)-1)-MID(BO10,FIND("-",BO10)+1,11),$D$9)),) -> 0 | BS10: =IFERROR(SUM(IF($H10=BR10,$D$10),IF(LEFT($H10,1)=LEFT(BR10,1),$D$8),IF(MID($H10,FIND("|",$H10)+1,FIND("-",$H10)-FIND("|",$H10)-1)-MID($H10,FIND("-",$H10)+1,11)=MID(BR10,FIND("|",BR10)+1,FIND("-",BR10)-FIND("|",BR10)-1)-MID(BR10,FIND("-",BR10)+1,11),$D$9)),) -> 0 | BV10: =IFERROR(SUM(IF($H10=BU10,$D$10),IF(LEFT($H10,1)=LEFT(BU10,1),$D$8),IF(MID($H10,FIND("|",$H10)+1,FIND("-",$H10)-FIND("|",$H10)-1)-MID($H10,FIND("-",$H10)+1,11)=MID(BU10,FIND("|",BU10)+1,FIND("-",BU10)-FIND("|",BU10)-1)-MID(BU10,FIND("-",BU10)+1,11),$D$9)),) -> 0 | BY10: =IFERROR(SUM(IF($H10=BX10,$D$10),IF(LEFT($H10,1)=LEFT(BX10,1),$D$8),IF(MID($H10,FIND("|",$H10)+1,FIND("-",$H10)-FIND("|",$H10)-1)-MID($H10,FIND("-",$H10)+1,11)=MID(BX10,FIND("|",BX10)+1,FIND("-",BX10)-FIND("|",BX10)-1)-MID(BX10,FIND("-",BX10)+1,11),$D$9)),) -> 0 | CB10: =IFERROR(SUM(IF($H10=CA10,$D$10),IF(LEFT($H10,1)=LEFT(CA10,1),$D$8),IF(MID($H10,FIND("|",$H10)+1,FIND("-",$H10)-FIND("|",$H10)-1)-MID($H10,FIND("-",$H10)+1,11)=MID(CA10,FIND("|",CA10)+1,FIND("-",CA10)-FIND("|",CA10)-1)-MID(CA10,FIND("-",CA10)+1,11),$D$9)),) -> 0 | CE10: =IFERROR(SUM(IF($H10=CD10,$D$10),IF(LEFT($H10,1)=LEFT(CD10,1),$D$8),IF(MID($H10,FIND("|",$H10)+1,FIND("-",$H10)-FIND("|",$H10)-1)-MID($H10,FIND("-",$H10)+1,11)=MID(CD10,FIND("|",CD10)+1,FIND("-",CD10)-FIND("|",CD10)-1)-MID(CD10,FIND("-",CD10)+1,11),$D$9)),) -> 0
C11: =+Idiomas!D191 -> FASE DE LIGA - Posición exacta | D11: 5 | G11: =CONCATENATE(League!D7,"-",League!K7) -> Tottenham-Villarreal | H11: =CONCATENATE(IF(League!G7>League!H7,1,IF(League!G7<League!H7,2,IF(AND(League!G7=League!H7,League!G7<>"",League!H7<>""),"X",0))),"|",League!G7,"-",League!H7) -> 1|1-0 | J11: 1|3-1 | K11: =IFERROR(SUM(IF($H11=J11,$D$10),IF(LEFT($H11,1)=LEFT(J11,1),$D$8),IF(MID($H11,FIND("|",$H11)+1,FIND("-",$H11)-FIND("|",$H11)-1)-MID($H11,FIND("-",$H11)+1,11)=MID(J11,FIND("|",J11)+1,FIND("-",J11)-FIND("|",J11)-1)-MID(J11,FIND("-",J11)+1,11),$D$9)),) -> 2 | M11: 1|3-1 | N11: =IFERROR(SUM(IF($H11=M11,$D$10),IF(LEFT($H11,1)=LEFT(M11,1),$D$8),IF(MID($H11,FIND("|",$H11)+1,FIND("-",$H11)-FIND("|",$H11)-1)-MID($H11,FIND("-",$H11)+1,11)=MID(M11,FIND("|",M11)+1,FIND("-",M11)-FIND("|",M11)-1)-MID(M11,FIND("-",M11)+1,11),$D$9)),) -> 2 | P11: 1|3-1 | Q11: =IFERROR(SUM(IF($H11=P11,$D$10),IF(LEFT($H11,1)=LEFT(P11,1),$D$8),IF(MID($H11,FIND("|",$H11)+1,FIND("-",$H11)-FIND("|",$H11)-1)-MID($H11,FIND("-",$H11)+1,11)=MID(P11,FIND("|",P11)+1,FIND("-",P11)-FIND("|",P11)-1)-MID(P11,FIND("-",P11)+1,11),$D$9)),) -> 2 | S11: 2|2-3 | T11: =IFERROR(SUM(IF($H11=S11,$D$10),IF(LEFT($H11,1)=LEFT(S11,1),$D$8),IF(MID($H11,FIND("|",$H11)+1,FIND("-",$H11)-FIND("|",$H11)-1)-MID($H11,FIND("-",$H11)+1,11)=MID(S11,FIND("|",S11)+1,FIND("-",S11)-FIND("|",S11)-1)-MID(S11,FIND("-",S11)+1,11),$D$9)),) -> 0 | V11: 2|1-3 | W11: =IFERROR(SUM(IF($H11=V11,$D$10),IF(LEFT($H11,1)=LEFT(V11,1),$D$8),IF(MID($H11,FIND("|",$H11)+1,FIND("-",$H11)-FIND("|",$H11)-1)-MID($H11,FIND("-",$H11)+1,11)=MID(V11,FIND("|",V11)+1,FIND("-",V11)-FIND("|",V11)-1)-MID(V11,FIND("-",V11)+1,11),$D$9)),) -> 0 | Y11: 1|3-1 | Z11: =IFERROR(SUM(IF($H11=Y11,$D$10),IF(LEFT($H11,1)=LEFT(Y11,1),$D$8),IF(MID($H11,FIND("|",$H11)+1,FIND("-",$H11)-FIND("|",$H11)-1)-MID($H11,FIND("-",$H11)+1,11)=MID(Y11,FIND("|",Y11)+1,FIND("-",Y11)-FIND("|",Y11)-1)-MID(Y11,FIND("-",Y11)+1,11),$D$9)),) -> 2 | AB11: 1|2-1 | AC11: =IFERROR(SUM(IF($H11=AB11,$D$10),IF(LEFT($H11,1)=LEFT(AB11,1),$D$8),IF(MID($H11,FIND("|",$H11)+1,FIND("-",$H11)-FIND("|",$H11)-1)-MID($H11,FIND("-",$H11)+1,11)=MID(AB11,FIND("|",AB11)+1,FIND("-",AB11)-FIND("|",AB11)-1)-MID(AB11,FIND("-",AB11)+1,11),$D$9)),) -> 2 | AE11: 2|2-3 | AF11: =IFERROR(SUM(IF($H11=AE11,$D$10),IF(LEFT($H11,1)=LEFT(AE11,1),$D$8),IF(MID($H11,FIND("|",$H11)+1,FIND("-",$H11)-FIND("|",$H11)-1)-MID($H11,FIND("-",$H11)+1,11)=MID(AE11,FIND("|",AE11)+1,FIND("-",AE11)-FIND("|",AE11)-1)-MID(AE11,FIND("-",AE11)+1,11),$D$9)),) -> 0 | AH11: 1|3-1 | AI11: =IFERROR(SUM(IF($H11=AH11,$D$10),IF(LEFT($H11,1)=LEFT(AH11,1),$D$8),IF(MID($H11,FIND("|",$H11)+1,FIND("-",$H11)-FIND("|",$H11)-1)-MID($H11,FIND("-",$H11)+1,11)=MID(AH11,FIND("|",AH11)+1,FIND("-",AH11)-FIND("|",AH11)-1)-MID(AH11,FIND("-",AH11)+1,11),$D$9)),) -> 2 | AK11: 1|2-0 | AL11: =IFERROR(SUM(IF($H11=AK11,$D$10),IF(LEFT($H11,1)=LEFT(AK11,1),$D$8),IF(MID($H11,FIND("|",$H11)+1,FIND("-",$H11)-FIND("|",$H11)-1)-MID($H11,FIND("-",$H11)+1,11)=MID(AK11,FIND("|",AK11)+1,FIND("-",AK11)-FIND("|",AK11)-1)-MID(AK11,FIND("-",AK11)+1,11),$D$9)),) -> 2 | AN11: X|2-2 | AO11: =IFERROR(SUM(IF($H11=AN11,$D$10),IF(LEFT($H11,1)=LEFT(AN11,1),$D$8),IF(MID($H11,FIND("|",$H11)+1,FIND("-",$H11)-FIND("|",$H11)-1)-MID($H11,FIND("-",$H11)+1,11)=MID(AN11,FIND("|",AN11)+1,FIND("-",AN11)-FIND("|",AN11)-1)-MID(AN11,FIND("-",AN11)+1,11),$D$9)),) -> 0 | AQ11: 1|2-1 | AR11: =IFERROR(SUM(IF($H11=AQ11,$D$10),IF(LEFT($H11,1)=LEFT(AQ11,1),$D$8),IF(MID($H11,FIND("|",$H11)+1,FIND("-",$H11)-FIND("|",$H11)-1)-MID($H11,FIND("-",$H11)+1,11)=MID(AQ11,FIND("|",AQ11)+1,FIND("-",AQ11)-FIND("|",AQ11)-1)-MID(AQ11,FIND("-",AQ11)+1,11),$D$9)),) -> 2 | AT11: X|2-2 | AU11: =IFERROR(SUM(IF($H11=AT11,$D$10),IF(LEFT($H11,1)=LEFT(AT11,1),$D$8),IF(MID($H11,FIND("|",$H11)+1,FIND("-",$H11)-FIND("|",$H11)-1)-MID($H11,FIND("-",$H11)+1,11)=MID(AT11,FIND("|",AT11)+1,FIND("-",AT11)-FIND("|",AT11)-1)-MID(AT11,FIND("-",AT11)+1,11),$D$9)),) -> 0 | AW11: 1|2-0 | AX11: =IFERROR(SUM(IF($H11=AW11,$D$10),IF(LEFT($H11,1)=LEFT(AW11,1),$D$8),IF(MID($H11,FIND("|",$H11)+1,FIND("-",$H11)-FIND("|",$H11)-1)-MID($H11,FIND("-",$H11)+1,11)=MID(AW11,FIND("|",AW11)+1,FIND("-",AW11)-FIND("|",AW11)-1)-MID(AW11,FIND("-",AW11)+1,11),$D$9)),) -> 2 | AZ11: 1|4-1 | BA11: =IFERROR(SUM(IF($H11=AZ11,$D$10),IF(LEFT($H11,1)=LEFT(AZ11,1),$D$8),IF(MID($H11,FIND("|",$H11)+1,FIND("-",$H11)-FIND("|",$H11)-1)-MID($H11,FIND("-",$H11)+1,11)=MID(AZ11,FIND("|",AZ11)+1,FIND("-",AZ11)-FIND("|",AZ11)-1)-MID(AZ11,FIND("-",AZ11)+1,11),$D$9)),) -> 2 | BC11: X|2-2 | BD11: =IFERROR(SUM(IF($H11=BC11,$D$10),IF(LEFT($H11,1)=LEFT(BC11,1),$D$8),IF(MID($H11,FIND("|",$H11)+1,FIND("-",$H11)-FIND("|",$H11)-1)-MID($H11,FIND("-",$H11)+1,11)=MID(BC11,FIND("|",BC11)+1,FIND("-",BC11)-FIND("|",BC11)-1)-MID(BC11,FIND("-",BC11)+1,11),$D$9)),) -> 0 | BG11: =IFERROR(SUM(IF($H11=BF11,$D$10),IF(LEFT($H11,1)=LEFT(BF11,1),$D$8),IF(MID($H11,FIND("|",$H11)+1,FIND("-",$H11)-FIND("|",$H11)-1)-MID($H11,FIND("-",$H11)+1,11)=MID(BF11,FIND("|",BF11)+1,FIND("-",BF11)-FIND("|",BF11)-1)-MID(BF11,FIND("-",BF11)+1,11),$D$9)),) -> 0 | BJ11: =IFERROR(SUM(IF($H11=BI11,$D$10),IF(LEFT($H11,1)=LEFT(BI11,1),$D$8),IF(MID($H11,FIND("|",$H11)+1,FIND("-",$H11)-FIND("|",$H11)-1)-MID($H11,FIND("-",$H11)+1,11)=MID(BI11,FIND("|",BI11)+1,FIND("-",BI11)-FIND("|",BI11)-1)-MID(BI11,FIND("-",BI11)+1,11),$D$9)),) -> 0 | BM11: =IFERROR(SUM(IF($H11=BL11,$D$10),IF(LEFT($H11,1)=LEFT(BL11,1),$D$8),IF(MID($H11,FIND("|",$H11)+1,FIND("-",$H11)-FIND("|",$H11)-1)-MID($H11,FIND("-",$H11)+1,11)=MID(BL11,FIND("|",BL11)+1,FIND("-",BL11)-FIND("|",BL11)-1)-MID(BL11,FIND("-",BL11)+1,11),$D$9)),) -> 0 | BP11: =IFERROR(SUM(IF($H11=BO11,$D$10),IF(LEFT($H11,1)=LEFT(BO11,1),$D$8),IF(MID($H11,FIND("|",$H11)+1,FIND("-",$H11)-FIND("|",$H11)-1)-MID($H11,FIND("-",$H11)+1,11)=MID(BO11,FIND("|",BO11)+1,FIND("-",BO11)-FIND("|",BO11)-1)-MID(BO11,FIND("-",BO11)+1,11),$D$9)),) -> 0 | BS11: =IFERROR(SUM(IF($H11=BR11,$D$10),IF(LEFT($H11,1)=LEFT(BR11,1),$D$8),IF(MID($H11,FIND("|",$H11)+1,FIND("-",$H11)-FIND("|",$H11)-1)-MID($H11,FIND("-",$H11)+1,11)=MID(BR11,FIND("|",BR11)+1,FIND("-",BR11)-FIND("|",BR11)-1)-MID(BR11,FIND("-",BR11)+1,11),$D$9)),) -> 0 | BV11: =IFERROR(SUM(IF($H11=BU11,$D$10),IF(LEFT($H11,1)=LEFT(BU11,1),$D$8),IF(MID($H11,FIND("|",$H11)+1,FIND("-",$H11)-FIND("|",$H11)-1)-MID($H11,FIND("-",$H11)+1,11)=MID(BU11,FIND("|",BU11)+1,FIND("-",BU11)-FIND("|",BU11)-1)-MID(BU11,FIND("-",BU11)+1,11),$D$9)),) -> 0 | BY11: =IFERROR(SUM(IF($H11=BX11,$D$10),IF(LEFT($H11,1)=LEFT(BX11,1),$D$8),IF(MID($H11,FIND("|",$H11)+1,FIND("-",$H11)-FIND("|",$H11)-1)-MID($H11,FIND("-",$H11)+1,11)=MID(BX11,FIND("|",BX11)+1,FIND("-",BX11)-FIND("|",BX11)-1)-MID(BX11,FIND("-",BX11)+1,11),$D$9)),) -> 0 | CB11: =IFERROR(SUM(IF($H11=CA11,$D$10),IF(LEFT($H11,1)=LEFT(CA11,1),$D$8),IF(MID($H11,FIND("|",$H11)+1,FIND("-",$H11)-FIND("|",$H11)-1)-MID($H11,FIND("-",$H11)+1,11)=MID(CA11,FIND("|",CA11)+1,FIND("-",CA11)-FIND("|",CA11)-1)-MID(CA11,FIND("-",CA11)+1,11),$D$9)),) -> 0 | CE11: =IFERROR(SUM(IF($H11=CD11,$D$10),IF(LEFT($H11,1)=LEFT(CD11,1),$D$8),IF(MID($H11,FIND("|",$H11)+1,FIND("-",$H11)-FIND("|",$H11)-1)-MID($H11,FIND("-",$H11)+1,11)=MID(CD11,FIND("|",CD11)+1,FIND("-",CD11)-FIND("|",CD11)-1)-MID(CD11,FIND("-",CD11)+1,11),$D$9)),) -> 0
C12: =+Idiomas!D193 -> Equipo clasificado para OCTAVOS (Desde Fase de Liga) | D12: 4 | G12: =CONCATENATE(League!D8,"-",League!K8) -> Olympiakos-Pafos | H12: =CONCATENATE(IF(League!G8>League!H8,1,IF(League!G8<League!H8,2,IF(AND(League!G8=League!H8,League!G8<>"",League!H8<>""),"X",0))),"|",League!G8,"-",League!H8) -> X|0-0 | J12: 1|2-0 | K12: =IFERROR(SUM(IF($H12=J12,$D$10),IF(LEFT($H12,1)=LEFT(J12,1),$D$8),IF(MID($H12,FIND("|",$H12)+1,FIND("-",$H12)-FIND("|",$H12)-1)-MID($H12,FIND("-",$H12)+1,11)=MID(J12,FIND("|",J12)+1,FIND("-",J12)-FIND("|",J12)-1)-MID(J12,FIND("-",J12)+1,11),$D$9)),) -> 0 | M12: X|0-0 | N12: =IFERROR(SUM(IF($H12=M12,$D$10),IF(LEFT($H12,1)=LEFT(M12,1),$D$8),IF(MID($H12,FIND("|",$H12)+1,FIND("-",$H12)-FIND("|",$H12)-1)-MID($H12,FIND("-",$H12)+1,11)=MID(M12,FIND("|",M12)+1,FIND("-",M12)-FIND("|",M12)-1)-MID(M12,FIND("-",M12)+1,11),$D$9)),) -> 5 | P12: 1|3-1 | Q12: =IFERROR(SUM(IF($H12=P12,$D$10),IF(LEFT($H12,1)=LEFT(P12,1),$D$8),IF(MID($H12,FIND("|",$H12)+1,FIND("-",$H12)-FIND("|",$H12)-1)-MID($H12,FIND("-",$H12)+1,11)=MID(P12,FIND("|",P12)+1,FIND("-",P12)-FIND("|",P12)-1)-MID(P12,FIND("-",P12)+1,11),$D$9)),) -> 0 | S12: 1|3-1 | T12: =IFERROR(SUM(IF($H12=S12,$D$10),IF(LEFT($H12,1)=LEFT(S12,1),$D$8),IF(MID($H12,FIND("|",$H12)+1,FIND("-",$H12)-FIND("|",$H12)-1)-MID($H12,FIND("-",$H12)+1,11)=MID(S12,FIND("|",S12)+1,FIND("-",S12)-FIND("|",S12)-1)-MID(S12,FIND("-",S12)+1,11),$D$9)),) -> 0 | V12: X|1-1 | W12: =IFERROR(SUM(IF($H12=V12,$D$10),IF(LEFT($H12,1)=LEFT(V12,1),$D$8),IF(MID($H12,FIND("|",$H12)+1,FIND("-",$H12)-FIND("|",$H12)-1)-MID($H12,FIND("-",$H12)+1,11)=MID(V12,FIND("|",V12)+1,FIND("-",V12)-FIND("|",V12)-1)-MID(V12,FIND("-",V12)+1,11),$D$9)),) -> 2 | Y12: 1|3-0 | Z12: =IFERROR(SUM(IF($H12=Y12,$D$10),IF(LEFT($H12,1)=LEFT(Y12,1),$D$8),IF(MID($H12,FIND("|",$H12)+1,FIND("-",$H12)-FIND("|",$H12)-1)-MID($H12,FIND("-",$H12)+1,11)=MID(Y12,FIND("|",Y12)+1,FIND("-",Y12)-FIND("|",Y12)-1)-MID(Y12,FIND("-",Y12)+1,11),$D$9)),) -> 0 | AB12: 1|4-0 | AC12: =IFERROR(SUM(IF($H12=AB12,$D$10),IF(LEFT($H12,1)=LEFT(AB12,1),$D$8),IF(MID($H12,FIND("|",$H12)+1,FIND("-",$H12)-FIND("|",$H12)-1)-MID($H12,FIND("-",$H12)+1,11)=MID(AB12,FIND("|",AB12)+1,FIND("-",AB12)-FIND("|",AB12)-1)-MID(AB12,FIND("-",AB12)+1,11),$D$9)),) -> 0 | AE12: X|2-2 | AF12: =IFERROR(SUM(IF($H12=AE12,$D$10),IF(LEFT($H12,1)=LEFT(AE12,1),$D$8),IF(MID($H12,FIND("|",$H12)+1,FIND("-",$H12)-FIND("|",$H12)-1)-MID($H12,FIND("-",$H12)+1,11)=MID(AE12,FIND("|",AE12)+1,FIND("-",AE12)-FIND("|",AE12)-1)-MID(AE12,FIND("-",AE12)+1,11),$D$9)),) -> 2 | AH12: 1|2-0 | AI12: =IFERROR(SUM(IF($H12=AH12,$D$10),IF(LEFT($H12,1)=LEFT(AH12,1),$D$8),IF(MID($H12,FIND("|",$H12)+1,FIND("-",$H12)-FIND("|",$H12)-1)-MID($H12,FIND("-",$H12)+1,11)=MID(AH12,FIND("|",AH12)+1,FIND("-",AH12)-FIND("|",AH12)-1)-MID(AH12,FIND("-",AH12)+1,11),$D$9)),) -> 0 | AK12: 1|2-0 | AL12: =IFERROR(SUM(IF($H12=AK12,$D$10),IF(LEFT($H12,1)=LEFT(AK12,1),$D$8),IF(MID($H12,FIND("|",$H12)+1,FIND("-",$H12)-FIND("|",$H12)-1)-MID($H12,FIND("-",$H12)+1,11)=MID(AK12,FIND("|",AK12)+1,FIND("-",AK12)-FIND("|",AK12)-1)-MID(AK12,FIND("-",AK12)+1,11),$D$9)),) -> 0 | AN12: 1|2-1 | AO12: =IFERROR(SUM(IF($H12=AN12,$D$10),IF(LEFT($H12,1)=LEFT(AN12,1),$D$8),IF(MID($H12,FIND("|",$H12)+1,FIND("-",$H12)-FIND("|",$H12)-1)-MID($H12,FIND("-",$H12)+1,11)=MID(AN12,FIND("|",AN12)+1,FIND("-",AN12)-FIND("|",AN12)-1)-MID(AN12,FIND("-",AN12)+1,11),$D$9)),) -> 0 | AQ12: 1|3-0 | AR12: =IFERROR(SUM(IF($H12=AQ12,$D$10),IF(LEFT($H12,1)=LEFT(AQ12,1),$D$8),IF(MID($H12,FIND("|",$H12)+1,FIND("-",$H12)-FIND("|",$H12)-1)-MID($H12,FIND("-",$H12)+1,11)=MID(AQ12,FIND("|",AQ12)+1,FIND("-",AQ12)-FIND("|",AQ12)-1)-MID(AQ12,FIND("-",AQ12)+1,11),$D$9)),) -> 0 | AT12: X|1-1 | AU12: =IFERROR(SUM(IF($H12=AT12,$D$10),IF(LEFT($H12,1)=LEFT(AT12,1),$D$8),IF(MID($H12,FIND("|",$H12)+1,FIND("-",$H12)-FIND("|",$H12)-1)-MID($H12,FIND("-",$H12)+1,11)=MID(AT12,FIND("|",AT12)+1,FIND("-",AT12)-FIND("|",AT12)-1)-MID(AT12,FIND("-",AT12)+1,11),$D$9)),) -> 2 | AW12: 1|2-0 | AX12: =IFERROR(SUM(IF($H12=AW12,$D$10),IF(LEFT($H12,1)=LEFT(AW12,1),$D$8),IF(MID($H12,FIND("|",$H12)+1,FIND("-",$H12)-FIND("|",$H12)-1)-MID($H12,FIND("-",$H12)+1,11)=MID(AW12,FIND("|",AW12)+1,FIND("-",AW12)-FIND("|",AW12)-1)-MID(AW12,FIND("-",AW12)+1,11),$D$9)),) -> 0 | AZ12: 1|3-0 | BA12: =IFERROR(SUM(IF($H12=AZ12,$D$10),IF(LEFT($H12,1)=LEFT(AZ12,1),$D$8),IF(MID($H12,FIND("|",$H12)+1,FIND("-",$H12)-FIND("|",$H12)-1)-MID($H12,FIND("-",$H12)+1,11)=MID(AZ12,FIND("|",AZ12)+1,FIND("-",AZ12)-FIND("|",AZ12)-1)-MID(AZ12,FIND("-",AZ12)+1,11),$D$9)),) -> 0 | BC12: 1|3-1 | BD12: =IFERROR(SUM(IF($H12=BC12,$D$10),IF(LEFT($H12,1)=LEFT(BC12,1),$D$8),IF(MID($H12,FIND("|",$H12)+1,FIND("-",$H12)-FIND("|",$H12)-1)-MID($H12,FIND("-",$H12)+1,11)=MID(BC12,FIND("|",BC12)+1,FIND("-",BC12)-FIND("|",BC12)-1)-MID(BC12,FIND("-",BC12)+1,11),$D$9)),) -> 0 | BG12: =IFERROR(SUM(IF($H12=BF12,$D$10),IF(LEFT($H12,1)=LEFT(BF12,1),$D$8),IF(MID($H12,FIND("|",$H12)+1,FIND("-",$H12)-FIND("|",$H12)-1)-MID($H12,FIND("-",$H12)+1,11)=MID(BF12,FIND("|",BF12)+1,FIND("-",BF12)-FIND("|",BF12)-1)-MID(BF12,FIND("-",BF12)+1,11),$D$9)),) -> 0 | BJ12: =IFERROR(SUM(IF($H12=BI12,$D$10),IF(LEFT($H12,1)=LEFT(BI12,1),$D$8),IF(MID($H12,FIND("|",$H12)+1,FIND("-",$H12)-FIND("|",$H12)-1)-MID($H12,FIND("-",$H12)+1,11)=MID(BI12,FIND("|",BI12)+1,FIND("-",BI12)-FIND("|",BI12)-1)-MID(BI12,FIND("-",BI12)+1,11),$D$9)),) -> 0 | BM12: =IFERROR(SUM(IF($H12=BL12,$D$10),IF(LEFT($H12,1)=LEFT(BL12,1),$D$8),IF(MID($H12,FIND("|",$H12)+1,FIND("-",$H12)-FIND("|",$H12)-1)-MID($H12,FIND("-",$H12)+1,11)=MID(BL12,FIND("|",BL12)+1,FIND("-",BL12)-FIND("|",BL12)-1)-MID(BL12,FIND("-",BL12)+1,11),$D$9)),) -> 0 | BP12: =IFERROR(SUM(IF($H12=BO12,$D$10),IF(LEFT($H12,1)=LEFT(BO12,1),$D$8),IF(MID($H12,FIND("|",$H12)+1,FIND("-",$H12)-FIND("|",$H12)-1)-MID($H12,FIND("-",$H12)+1,11)=MID(BO12,FIND("|",BO12)+1,FIND("-",BO12)-FIND("|",BO12)-1)-MID(BO12,FIND("-",BO12)+1,11),$D$9)),) -> 0 | BS12: =IFERROR(SUM(IF($H12=BR12,$D$10),IF(LEFT($H12,1)=LEFT(BR12,1),$D$8),IF(MID($H12,FIND("|",$H12)+1,FIND("-",$H12)-FIND("|",$H12)-1)-MID($H12,FIND("-",$H12)+1,11)=MID(BR12,FIND("|",BR12)+1,FIND("-",BR12)-FIND("|",BR12)-1)-MID(BR12,FIND("-",BR12)+1,11),$D$9)),) -> 0 | BV12: =IFERROR(SUM(IF($H12=BU12,$D$10),IF(LEFT($H12,1)=LEFT(BU12,1),$D$8),IF(MID($H12,FIND("|",$H12)+1,FIND("-",$H12)-FIND("|",$H12)-1)-MID($H12,FIND("-",$H12)+1,11)=MID(BU12,FIND("|",BU12)+1,FIND("-",BU12)-FIND("|",BU12)-1)-MID(BU12,FIND("-",BU12)+1,11),$D$9)),) -> 0 | BY12: =IFERROR(SUM(IF($H12=BX12,$D$10),IF(LEFT($H12,1)=LEFT(BX12,1),$D$8),IF(MID($H12,FIND("|",$H12)+1,FIND("-",$H12)-FIND("|",$H12)-1)-MID($H12,FIND("-",$H12)+1,11)=MID(BX12,FIND("|",BX12)+1,FIND("-",BX12)-FIND("|",BX12)-1)-MID(BX12,FIND("-",BX12)+1,11),$D$9)),) -> 0 | CB12: =IFERROR(SUM(IF($H12=CA12,$D$10),IF(LEFT($H12,1)=LEFT(CA12,1),$D$8),IF(MID($H12,FIND("|",$H12)+1,FIND("-",$H12)-FIND("|",$H12)-1)-MID($H12,FIND("-",$H12)+1,11)=MID(CA12,FIND("|",CA12)+1,FIND("-",CA12)-FIND("|",CA12)-1)-MID(CA12,FIND("-",CA12)+1,11),$D$9)),) -> 0 | CE12: =IFERROR(SUM(IF($H12=CD12,$D$10),IF(LEFT($H12,1)=LEFT(CD12,1),$D$8),IF(MID($H12,FIND("|",$H12)+1,FIND("-",$H12)-FIND("|",$H12)-1)-MID($H12,FIND("-",$H12)+1,11)=MID(CD12,FIND("|",CD12)+1,FIND("-",CD12)-FIND("|",CD12)-1)-MID(CD12,FIND("-",CD12)+1,11),$D$9)),) -> 0
